-- MySQL dump 10.16  Distrib 10.1.14-MariaDB, for osx10.11 (x86_64)
--
-- Host: localhost    Database: mcjs
-- ------------------------------------------------------
-- Server version	10.1.14-MariaDB

/*!40101 SET @OLD_CHARACTER_SET_CLIENT=@@CHARACTER_SET_CLIENT */;
/*!40101 SET @OLD_CHARACTER_SET_RESULTS=@@CHARACTER_SET_RESULTS */;
/*!40101 SET @OLD_COLLATION_CONNECTION=@@COLLATION_CONNECTION */;
/*!40101 SET NAMES utf8 */;
/*!40103 SET @OLD_TIME_ZONE=@@TIME_ZONE */;
/*!40103 SET TIME_ZONE='+00:00' */;
/*!40014 SET @OLD_UNIQUE_CHECKS=@@UNIQUE_CHECKS, UNIQUE_CHECKS=0 */;
/*!40014 SET @OLD_FOREIGN_KEY_CHECKS=@@FOREIGN_KEY_CHECKS, FOREIGN_KEY_CHECKS=0 */;
/*!40101 SET @OLD_SQL_MODE=@@SQL_MODE, SQL_MODE='NO_AUTO_VALUE_ON_ZERO' */;
/*!40111 SET @OLD_SQL_NOTES=@@SQL_NOTES, SQL_NOTES=0 */;

--
-- Table structure for table `album`
--

DROP TABLE IF EXISTS `album`;
/*!40101 SET @saved_cs_client     = @@character_set_client */;
/*!40101 SET character_set_client = utf8 */;
CREATE TABLE `album` (
  `a_id` int(10) unsigned NOT NULL AUTO_INCREMENT,
  `u_id` int(11) unsigned NOT NULL,
  `a_type_id` tinyint(3) unsigned NOT NULL,
  `a_name` varchar(100) NOT NULL,
  `a_alias` varchar(100) NOT NULL,
  `a_img_cnt` smallint(5) unsigned NOT NULL DEFAULT '0',
  `a_create_ts` int(10) unsigned NOT NULL DEFAULT '0',
  `a_update_ts` int(10) unsigned NOT NULL DEFAULT '0',
  `a_text` varchar(255) NOT NULL,
  PRIMARY KEY (`a_id`),
  KEY `uid` (`u_id`,`a_type_id`),
  KEY `uts` (`a_update_ts`) USING BTREE
) ENGINE=InnoDB AUTO_INCREMENT=6 DEFAULT CHARSET=utf8;
/*!40101 SET character_set_client = @saved_cs_client */;

--
-- Dumping data for table `album`
--

LOCK TABLES `album` WRITE;
/*!40000 ALTER TABLE `album` DISABLE KEYS */;
INSERT INTO `album` VALUES (1,1,2,'Фотографии профиля','Фотографии профиля',1,1471983315,1471983317,'Фотографии профиля'),(2,1,3,'sdf','sdf',3,1471983485,1471983499,'sdf'),(3,1,3,'3','3',3,1471983539,1471983554,'3'),(4,1,3,'4','4',10,1471983621,1472020414,'4'),(5,1,3,'0','0',0,1471983758,1471983758,'0');
/*!40000 ALTER TABLE `album` ENABLE KEYS */;
UNLOCK TABLES;

--
-- Table structure for table `album_image`
--

DROP TABLE IF EXISTS `album_image`;
/*!40101 SET @saved_cs_client     = @@character_set_client */;
/*!40101 SET character_set_client = utf8 */;
CREATE TABLE `album_image` (
  `ai_id` int(10) unsigned NOT NULL AUTO_INCREMENT,
  `a_id` int(10) unsigned NOT NULL,
  `u_id` int(11) unsigned NOT NULL,
  `ai_create_ts` int(10) unsigned NOT NULL DEFAULT '0',
  `ai_update_ts` int(10) unsigned NOT NULL DEFAULT '0',
  `ai_latitude` decimal(10,8) DEFAULT NULL,
  `ai_longitude` decimal(11,8) DEFAULT NULL,
  `ai_text` varchar(255) NOT NULL,
  `ai_dir` varchar(255) NOT NULL,
  `ai_pos` smallint(5) unsigned NOT NULL DEFAULT '0',
  `ai_name` varchar(255) NOT NULL,
  `ai_profile` tinyint(1) unsigned NOT NULL DEFAULT '0',
  PRIMARY KEY (`ai_id`),
  KEY `aid_uid_pos` (`a_id`,`u_id`,`ai_pos`,`ai_update_ts`),
  KEY `aid_uid_profile` (`a_id`,`u_id`,`ai_profile`)
) ENGINE=InnoDB AUTO_INCREMENT=18 DEFAULT CHARSET=utf8;
/*!40101 SET character_set_client = @saved_cs_client */;

--
-- Dumping data for table `album_image`
--

LOCK TABLES `album_image` WRITE;
/*!40000 ALTER TABLE `album_image` DISABLE KEYS */;
INSERT INTO `album_image` VALUES (1,1,1,1471983315,1471983317,NULL,NULL,'','/user/photo/0/1/1/6512bd43d9caa6e02c990b0a82652dca',0,'_gp_2126.gallery_full_top_fullscreen.jpg',1),(2,2,1,1471983496,1471983499,NULL,NULL,'','/user/photo/0/2/2/b6d767d2f8ed5d21a44b0e5886680cb9',2,'26-dani-pedrosa-esp_gp_3449.gallery_full_top_fullscreen.jpg',0),(3,2,1,1471983496,1471983499,NULL,NULL,'','/user/photo/0/2/3/37693cfc748049e45d87b8c7d8b9aacd',1,'25-maverick-vinales-esp_gp_3613.gallery_full_top_fullscreen.jpg',0),(4,2,1,1471983496,1471983499,NULL,NULL,'','/user/photo/0/2/4/1ff1de774005f8da13f42943881c655f',0,'29-andrea-iannone-ita-46-valentino-rossi-ita_gp_3090.gallery_full_top_fullscreen.jpg',0),(5,3,1,1471983551,1471983554,NULL,NULL,'','/user/photo/0/3/5/1c383cd30b7c298ab50293adfecb7b18',2,'93-marc-marquez-esp_gp_4858.gallery_full_top_fullscreen.jpg',0),(6,3,1,1471983552,1471983554,NULL,NULL,'','/user/photo/0/3/6/19ca14e7ea6328a42e0eb13d585e4c22',1,'46-valentino-rossi-ita_5n27825.gallery_full_top_fullscreen.jpg',0),(7,3,1,1471983552,1471983554,NULL,NULL,'','/user/photo/0/3/7/a5bfc9e07964f8dddeb95fc584cd965d',0,'45-scott-redding-eng_gp_0163.gallery_full_top_fullscreen.jpg',0),(8,4,1,1471983631,1471983634,NULL,NULL,'','/user/photo/0/4/8/642e92efb79421734881b53e1e1b18b6',9,'93-marc-marquez-esp_gp_4858.gallery_full_top_fullscreen.jpg',0),(9,4,1,1471983631,1471983635,NULL,NULL,'','/user/photo/0/4/9/f457c545a9ded88f18ecee47145a72c0',7,'99-jorge-lorenzo-esp_5n27532.gallery_full_top_fullscreen.jpg',0),(10,4,1,1471983631,1471983634,NULL,NULL,'','/user/photo/0/4/10/1068c6e4c8051cfd4e9ea8072e3189e2',8,'99-jorge-lorenzo-esp_gp_3592_0.gallery_full_top_fullscreen.jpg',0),(11,4,1,1471985839,1471985840,NULL,NULL,'','/user/photo/0/4/11/17d63b1625c816c22647a73e1482372b',6,'vertical.jpg',0),(12,4,1,1472020026,1472020031,NULL,NULL,'','/user/photo/0/4/12/b9228e0962a78b84f3d5d92f4faa000b',2,'25-maverick-vinales-esp_gp_3613.gallery_full_top_fullscreen.jpg',0),(13,4,1,1472020026,1472020031,NULL,NULL,'','/user/photo/0/4/13/0deb1c54814305ca9ad266f53bc82511',4,'29-andrea-iannone-ita-46-valentino-rossi-ita_gp_3090.gallery_full_top_fullscreen.jpg',0),(14,4,1,1472020026,1472020031,NULL,NULL,'','/user/photo/0/4/14/66808e327dc79d135ba18e051673d906',3,'46-valentino-rossi-ita_5n27825.gallery_full_top_fullscreen.jpg',0),(15,4,1,1472020026,1472020031,NULL,NULL,'','/user/photo/0/4/15/42e7aaa88b48137a16a1acd04ed91125',5,'45-scott-redding-eng_gp_0163.gallery_full_top_fullscreen.jpg',0),(16,4,1,1472020026,1472020031,NULL,NULL,'','/user/photo/0/4/16/8fe0093bb30d6f8c31474bd0764e6ac0',1,'26-dani-pedrosa-esp_gp_3449.gallery_full_top_fullscreen.jpg',0),(17,4,1,1472020410,1472020414,55.97101972,37.25511169,'','/user/photo/0/4/17/41ae36ecb9b3eee609d05b90c14222fb',0,'IMG_20160613_194702.jpg',0);
/*!40000 ALTER TABLE `album_image` ENABLE KEYS */;
UNLOCK TABLES;

--
-- Table structure for table `album_type`
--

DROP TABLE IF EXISTS `album_type`;
/*!40101 SET @saved_cs_client     = @@character_set_client */;
/*!40101 SET character_set_client = utf8 */;
CREATE TABLE `album_type` (
  `a_type_id` tinyint(3) unsigned NOT NULL AUTO_INCREMENT,
  `a_type_name` varchar(45) NOT NULL,
  `a_type_alias` varchar(45) NOT NULL,
  PRIMARY KEY (`a_type_id`),
  UNIQUE KEY `alias` (`a_type_alias`)
) ENGINE=InnoDB AUTO_INCREMENT=4 DEFAULT CHARSET=utf8;
/*!40101 SET character_set_client = @saved_cs_client */;

--
-- Dumping data for table `album_type`
--

LOCK TABLES `album_type` WRITE;
/*!40000 ALTER TABLE `album_type` DISABLE KEYS */;
INSERT INTO `album_type` VALUES (1,'Загруженные фото','uploaded'),(2,'Фото профиля','profile'),(3,'Именованный альбом','named');
/*!40000 ALTER TABLE `album_type` ENABLE KEYS */;
UNLOCK TABLES;

--
-- Table structure for table `controllers`
--

DROP TABLE IF EXISTS `controllers`;
/*!40101 SET @saved_cs_client     = @@character_set_client */;
/*!40101 SET character_set_client = utf8 */;
CREATE TABLE `controllers` (
  `c_id` smallint(5) unsigned NOT NULL AUTO_INCREMENT,
  `c_pid` smallint(5) unsigned NOT NULL DEFAULT '0',
  `c_path` varchar(255) NOT NULL,
  `c_name` varchar(100) NOT NULL,
  `c_desc` text NOT NULL,
  `c_level` tinyint(3) unsigned NOT NULL,
  `c_lk` smallint(5) unsigned NOT NULL,
  `c_rk` smallint(5) unsigned NOT NULL,
  PRIMARY KEY (`c_id`),
  UNIQUE KEY `path` (`c_path`),
  KEY `lrk_level` (`c_lk`,`c_rk`,`c_level`)
) ENGINE=InnoDB AUTO_INCREMENT=14 DEFAULT CHARSET=utf8 COMMENT='храним информацию о роутерах проекта';
/*!40101 SET character_set_client = @saved_cs_client */;

--
-- Dumping data for table `controllers`
--

LOCK TABLES `controllers` WRITE;
/*!40000 ALTER TABLE `controllers` DISABLE KEYS */;
INSERT INTO `controllers` VALUES (1,0,'/admin','Админ стартовая страница','Админ стартовая страница',1,17,22),(4,1,'/admin/router','Роутер','Роутер стартовая страница',2,20,21),(5,1,'/admin/menu','Меню сайта','Меню сайта',2,18,19),(6,0,'/news','Новости','Новости',1,15,16),(7,0,'/blog','Блог','Блог',1,13,14),(8,0,'/events','События','События',1,11,12),(9,0,'/chat','Чат','Чат',1,9,10),(10,0,'/mototreki','МотоТреки','МотоТреки',1,7,8),(11,0,'/motosaloni','МотоСалоны','МотоСалоны',1,5,6),(12,0,'/admoto','Объявления','Объявления',1,3,4),(13,0,'/user','Пользователи','Пользователи',1,1,2);
/*!40000 ALTER TABLE `controllers` ENABLE KEYS */;
UNLOCK TABLES;

--
-- Table structure for table `location`
--

DROP TABLE IF EXISTS `location`;
/*!40101 SET @saved_cs_client     = @@character_set_client */;
/*!40101 SET character_set_client = utf8 */;
CREATE TABLE `location` (
  `l_id` int(10) unsigned NOT NULL AUTO_INCREMENT,
  `l_pid` int(10) unsigned NOT NULL DEFAULT '0',
  `l_level` mediumint(5) unsigned NOT NULL DEFAULT '0',
  `l_lk` int(10) unsigned NOT NULL DEFAULT '0',
  `l_rk` int(10) unsigned NOT NULL DEFAULT '0',
  `old_id` int(10) unsigned NOT NULL DEFAULT '0',
  PRIMARY KEY (`l_id`),
  KEY `lr_level` (`l_lk`,`l_rk`,`l_level`),
  KEY `level` (`l_level`)
) ENGINE=InnoDB AUTO_INCREMENT=7 DEFAULT CHARSET=utf8;
/*!40101 SET character_set_client = @saved_cs_client */;

--
-- Dumping data for table `location`
--

LOCK TABLES `location` WRITE;
/*!40000 ALTER TABLE `location` DISABLE KEYS */;
INSERT INTO `location` VALUES (1,0,1,1,12,0),(2,1,2,2,11,0),(3,2,3,5,10,0),(4,3,4,6,9,0),(5,4,5,7,8,0),(6,2,3,3,4,0);
/*!40000 ALTER TABLE `location` ENABLE KEYS */;
UNLOCK TABLES;

--
-- Table structure for table `location_copy`
--

DROP TABLE IF EXISTS `location_copy`;
/*!40101 SET @saved_cs_client     = @@character_set_client */;
/*!40101 SET character_set_client = utf8 */;
CREATE TABLE `location_copy` (
  `l_id` int(10) unsigned NOT NULL AUTO_INCREMENT,
  `l_pid` int(10) unsigned NOT NULL DEFAULT '0',
  `l_level` mediumint(5) unsigned NOT NULL DEFAULT '0',
  `l_lk` int(10) unsigned NOT NULL DEFAULT '0',
  `l_rk` int(10) unsigned NOT NULL DEFAULT '0',
  `old_id` int(10) unsigned NOT NULL DEFAULT '0',
  PRIMARY KEY (`l_id`),
  KEY `lr_level` (`l_lk`,`l_rk`,`l_level`),
  KEY `level` (`l_level`)
) ENGINE=InnoDB AUTO_INCREMENT=710 DEFAULT CHARSET=utf8;
/*!40101 SET character_set_client = @saved_cs_client */;

--
-- Dumping data for table `location_copy`
--

LOCK TABLES `location_copy` WRITE;
/*!40000 ALTER TABLE `location_copy` DISABLE KEYS */;
INSERT INTO `location_copy` VALUES (1,0,1,1,2,48),(2,0,1,3,4,1),(3,0,1,5,6,14918),(4,0,1,7,8,2),(5,0,1,9,10,3),(6,0,1,11,12,42186),(7,0,1,13,14,4782),(8,0,1,15,16,5416),(9,0,1,17,18,23939),(10,0,1,19,20,33501),(11,0,1,21,74,4),(12,0,1,75,76,5),(13,0,1,77,78,6),(14,0,1,79,80,97938),(15,0,1,81,82,7),(16,0,1,83,84,3373),(17,0,1,85,86,47163),(18,0,1,87,88,8),(19,0,1,89,90,9),(20,0,1,91,92,10),(21,0,1,93,94,45851),(22,0,1,95,96,17090),(23,0,1,97,98,43044),(24,0,1,99,100,43059),(25,0,1,101,102,11),(26,0,1,103,104,15048),(27,0,1,105,106,50),(28,0,1,107,108,12),(29,0,1,109,110,83958),(30,0,1,111,112,13),(31,0,1,113,114,32949),(32,0,1,115,116,4598),(33,0,1,117,118,33153),(34,0,1,119,120,4241),(35,0,1,121,122,33665),(36,0,1,123,124,14),(37,0,1,125,126,15),(38,0,1,127,128,16),(39,0,1,129,130,17),(40,0,1,131,132,5980),(41,0,1,133,134,491),(42,0,1,135,136,45406),(43,0,1,137,138,18),(44,0,1,139,140,64692),(45,0,1,141,142,2445),(46,0,1,143,144,5090),(47,0,1,145,146,32911),(48,0,1,147,148,5675),(49,0,1,149,150,19),(50,0,1,151,152,5415),(51,0,1,153,154,20),(52,0,1,155,156,21),(53,0,1,157,158,22),(54,0,1,159,160,4401),(55,0,1,161,162,23),(56,0,1,163,164,5725),(57,0,1,165,166,24),(58,0,1,167,168,3789),(59,0,1,169,174,25),(60,0,1,175,176,26),(61,0,1,177,178,74337),(62,0,1,179,180,42743),(63,0,1,181,182,27),(64,0,1,183,184,35468),(65,0,1,185,186,28),(66,0,1,187,188,32820),(67,0,1,189,190,83322),(68,0,1,191,192,29),(69,0,1,193,194,30),(70,0,1,195,196,45670),(71,0,1,197,1100,31),(72,0,1,1101,1102,32),(73,0,1,1103,1104,72879),(74,0,1,1105,1106,33),(75,0,1,1107,1108,4059),(76,0,1,1109,1110,34),(77,0,1,1111,1112,4109),(78,0,1,1113,1114,42823),(79,0,1,1115,1116,35),(80,0,1,1117,1118,36),(81,0,1,1119,1120,51),(82,0,1,1121,1122,4225),(83,0,1,1123,1124,15474),(84,0,1,1125,1126,97239),(85,0,1,1127,1128,4255),(86,0,1,1129,1130,22824),(87,0,1,1131,1390,37),(88,0,1,1391,1392,38),(89,0,1,1393,1394,32885),(90,0,1,1395,1396,39),(91,0,1,1397,1398,40),(92,0,1,1399,1400,41),(93,0,1,1401,1402,42),(94,0,1,1403,1404,43),(95,0,1,1405,1406,33802),(96,0,1,1407,1408,44),(97,0,1,1409,1410,45),(98,0,1,1411,1412,5750),(99,0,1,1413,1414,46),(100,0,1,1415,1416,3029),(101,0,1,1417,1418,49),(102,11,2,22,29,1),(103,11,2,30,39,2),(104,11,2,40,51,3),(105,11,2,52,57,4),(106,11,2,58,69,5),(107,11,2,70,73,6),(108,59,2,170,173,113),(109,71,2,198,205,32),(110,71,2,206,211,33),(111,71,2,212,217,34),(112,71,2,218,221,35),(113,71,2,222,231,36),(114,71,2,232,235,37),(115,71,2,236,253,38),(116,71,2,254,263,39),(117,71,2,264,265,40),(118,71,2,266,273,41),(119,71,2,274,277,42),(120,71,2,278,279,43),(121,71,2,280,289,44),(122,71,2,290,303,45),(123,71,2,304,307,46),(124,71,2,308,311,47),(125,71,2,312,325,48),(126,71,2,326,329,49),(127,71,2,330,333,50),(128,71,2,334,353,51),(129,71,2,354,359,52),(130,71,2,360,363,53),(131,71,2,364,387,54),(132,71,2,388,407,55),(133,71,2,408,413,56),(134,71,2,414,421,57),(135,71,2,422,431,58),(136,71,2,432,435,59),(137,71,2,436,611,60),(138,71,2,612,617,61),(139,71,2,618,621,62),(140,71,2,622,643,63),(141,71,2,644,655,64),(142,71,2,656,663,65),(143,71,2,664,667,66),(144,71,2,668,677,67),(145,71,2,678,681,68),(146,71,2,682,689,69),(147,71,2,690,697,70),(148,71,2,698,707,71),(149,71,2,708,713,72),(150,71,2,714,717,73),(151,71,2,718,721,74),(152,71,2,722,737,75),(153,71,2,738,741,76),(154,71,2,742,751,77),(155,71,2,752,755,78),(156,71,2,756,759,79),(157,71,2,760,765,80),(158,71,2,766,773,81),(159,71,2,774,789,7),(160,71,2,790,795,82),(161,71,2,796,799,83),(162,71,2,800,805,84),(163,71,2,806,809,85),(164,71,2,810,825,86),(165,71,2,826,829,87),(166,71,2,830,837,88),(167,71,2,838,855,89),(168,71,2,856,861,90),(169,71,2,862,873,91),(170,71,2,874,929,92),(171,71,2,930,943,93),(172,71,2,944,945,94),(173,71,2,946,961,95),(174,71,2,962,971,96),(175,71,2,972,985,97),(176,71,2,986,991,98),(177,71,2,992,1003,99),(178,71,2,1004,1009,100),(179,71,2,1010,1017,101),(180,71,2,1018,1023,102),(181,71,2,1024,1033,103),(182,71,2,1034,1037,104),(183,71,2,1038,1045,105),(184,71,2,1046,1059,106),(185,71,2,1060,1077,107),(186,71,2,1078,1081,108),(187,71,2,1082,1089,109),(188,71,2,1090,1093,110),(189,71,2,1094,1095,111),(190,71,2,1096,1099,112),(191,87,2,1132,1137,8),(192,87,2,1138,1145,9),(193,87,2,1146,1161,10),(194,87,2,1162,1181,11),(195,87,2,1182,1189,12),(196,87,2,1190,1199,13),(197,87,2,1200,1207,14),(198,87,2,1208,1215,15),(199,87,2,1216,1233,16),(200,87,2,1234,1241,17),(201,87,2,1242,1257,18),(202,87,2,1258,1267,19),(203,87,2,1268,1275,20),(204,87,2,1276,1287,21),(205,87,2,1288,1301,22),(206,87,2,1302,1309,23),(207,87,2,1310,1323,24),(208,87,2,1324,1329,25),(209,87,2,1330,1343,26),(210,87,2,1344,1355,27),(211,87,2,1356,1363,28),(212,87,2,1364,1373,29),(213,87,2,1374,1381,30),(214,87,2,1382,1389,31),(215,102,3,23,24,319),(216,102,3,25,26,320),(217,102,3,27,28,321),(218,103,3,31,32,322),(219,103,3,33,34,323),(220,103,3,35,36,324),(221,103,3,37,38,325),(222,104,3,41,42,326),(223,104,3,43,44,327),(224,104,3,45,46,328),(225,104,3,47,48,8824),(226,104,3,49,50,329),(227,105,3,53,54,330),(228,105,3,55,56,331),(229,106,3,59,60,332),(230,106,3,61,62,60213),(231,106,3,63,64,8765),(232,106,3,65,66,333),(233,106,3,67,68,496),(234,107,3,71,72,334),(235,108,3,171,172,60198),(236,109,3,199,200,1),(237,109,3,201,202,2),(238,109,3,203,204,3),(239,110,3,207,208,4),(240,110,3,209,210,5),(241,111,3,213,214,6),(242,111,3,215,216,7),(243,112,3,219,220,8),(244,113,3,223,224,9),(245,113,3,225,226,10),(246,113,3,227,228,11),(247,113,3,229,230,12),(248,114,3,233,234,13),(249,115,3,237,238,14),(250,115,3,239,240,15),(251,115,3,241,242,16),(252,115,3,243,244,60206),(253,115,3,245,246,17),(254,115,3,247,248,18),(255,115,3,249,250,19),(256,115,3,251,252,20),(257,116,3,255,256,21),(258,116,3,257,258,22),(259,116,3,259,260,60144),(260,116,3,261,262,23),(261,118,3,267,268,24),(262,118,3,269,270,5726),(263,118,3,271,272,25),(264,119,3,275,276,26),(265,121,3,281,282,60202),(266,121,3,283,284,27),(267,121,3,285,286,28),(268,121,3,287,288,8071),(269,122,3,291,292,29),(270,122,3,293,294,30),(271,122,3,295,296,31),(272,122,3,297,298,32),(273,122,3,299,300,33),(274,122,3,301,302,34),(275,123,3,305,306,35),(276,124,3,309,310,36),(277,125,3,313,314,507),(278,125,3,315,316,37),(279,125,3,317,318,38),(280,125,3,319,320,19161),(281,125,3,321,322,39),(282,125,3,323,324,60211),(283,126,3,327,328,40),(284,127,3,331,332,41),(285,128,3,335,336,42),(286,128,3,337,338,43),(287,128,3,339,340,44),(288,128,3,341,342,45),(289,128,3,343,344,46),(290,128,3,345,346,47),(291,128,3,347,348,48),(292,128,3,349,350,49),(293,128,3,351,352,50),(294,129,3,355,356,51),(295,129,3,357,358,52),(296,130,3,361,362,53),(297,131,3,365,366,54),(298,131,3,367,368,55),(299,131,3,369,370,56),(300,131,3,371,372,485),(301,131,3,373,374,60197),(302,131,3,375,376,60146),(303,131,3,377,378,57),(304,131,3,379,380,20599),(305,131,3,381,382,58),(306,131,3,383,384,497),(307,131,3,385,386,60210),(308,132,3,389,390,59),(309,132,3,391,392,60),(310,132,3,393,394,61),(311,132,3,395,396,62),(312,132,3,397,398,63),(313,132,3,399,400,64),(314,132,3,401,402,65),(315,132,3,403,404,66),(316,132,3,405,406,67),(317,133,3,409,410,68),(318,133,3,411,412,69),(319,134,3,415,416,70),(320,134,3,417,418,71),(321,134,3,419,420,72),(322,135,3,423,424,73),(323,135,3,425,426,74),(324,135,3,427,428,75),(325,135,3,429,430,76),(326,136,3,433,434,77),(327,137,3,437,438,78),(328,137,3,439,440,79),(329,137,3,441,442,508),(330,137,3,443,444,80),(331,137,3,445,446,81),(332,137,3,447,448,82),(333,137,3,449,450,83),(334,137,3,451,452,60208),(335,137,3,453,454,84),(336,137,3,455,456,85),(337,137,3,457,458,86),(338,137,3,459,460,87),(339,137,3,461,462,88),(340,137,3,463,464,89),(341,137,3,465,466,90),(342,137,3,467,468,91),(343,137,3,469,470,92),(344,137,3,471,472,93),(345,137,3,473,474,94),(346,137,3,475,476,505),(347,137,3,477,478,95),(348,137,3,479,480,59949),(349,137,3,481,482,96),(350,137,3,483,484,97),(351,137,3,485,486,98),(352,137,3,487,488,99),(353,137,3,489,490,100),(354,137,3,491,492,101),(355,137,3,493,494,60214),(356,137,3,495,496,102),(357,137,3,497,498,103),(358,137,3,499,500,104),(359,137,3,501,502,105),(360,137,3,503,504,106),(361,137,3,505,506,107),(362,137,3,507,508,108),(363,137,3,509,510,109),(364,137,3,511,512,110),(365,137,3,513,514,111),(366,137,3,515,516,60215),(367,137,3,517,518,112),(368,137,3,519,520,113),(369,137,3,521,522,114),(370,137,3,523,524,115),(371,137,3,525,526,116),(372,137,3,527,528,59946),(373,137,3,529,530,117),(374,137,3,531,532,59944),(375,137,3,533,534,118),(376,137,3,535,536,119),(377,137,3,537,538,120),(378,137,3,539,540,59940),(379,137,3,541,542,121),(380,137,3,543,544,122),(381,137,3,545,546,123),(382,137,3,547,548,124),(383,137,3,549,550,125),(384,137,3,551,552,126),(385,137,3,553,554,59938),(386,137,3,555,556,127),(387,137,3,557,558,128),(388,137,3,559,560,129),(389,137,3,561,562,130),(390,137,3,563,564,60212),(391,137,3,565,566,477),(392,137,3,567,568,131),(393,137,3,569,570,132),(394,137,3,571,572,133),(395,137,3,573,574,134),(396,137,3,575,576,135),(397,137,3,577,578,136),(398,137,3,579,580,137),(399,137,3,581,582,8169),(400,137,3,583,584,138),(401,137,3,585,586,139),(402,137,3,587,588,140),(403,137,3,589,590,141),(404,137,3,591,592,142),(405,137,3,593,594,143),(406,137,3,595,596,39756),(407,137,3,597,598,144),(408,137,3,599,600,145),(409,137,3,601,602,146),(410,137,3,603,604,147),(411,137,3,605,606,148),(412,137,3,607,608,149),(413,137,3,609,610,150),(414,138,3,613,614,151),(415,138,3,615,616,152),(416,139,3,619,620,153),(417,140,3,623,624,154),(418,140,3,625,626,155),(419,140,3,627,628,156),(420,140,3,629,630,157),(421,140,3,631,632,158),(422,140,3,633,634,159),(423,140,3,635,636,160),(424,140,3,637,638,161),(425,140,3,639,640,39572),(426,140,3,641,642,162),(427,141,3,645,646,60193),(428,141,3,647,648,163),(429,141,3,649,650,164),(430,141,3,651,652,165),(431,141,3,653,654,166),(432,142,3,657,658,167),(433,142,3,659,660,168),(434,142,3,661,662,169),(435,143,3,665,666,170),(436,144,3,669,670,171),(437,144,3,671,672,172),(438,144,3,673,674,173),(439,144,3,675,676,174),(440,145,3,679,680,175),(441,146,3,683,684,176),(442,146,3,685,686,177),(443,146,3,687,688,178),(444,147,3,691,692,179),(445,147,3,693,694,180),(446,147,3,695,696,181),(447,148,3,699,700,182),(448,148,3,701,702,183),(449,148,3,703,704,184),(450,148,3,705,706,185),(451,149,3,709,710,186),(452,149,3,711,712,187),(453,150,3,715,716,188),(454,151,3,719,720,189),(455,152,3,723,724,190),(456,152,3,725,726,191),(457,152,3,727,728,192),(458,152,3,729,730,193),(459,152,3,731,732,194),(460,152,3,733,734,195),(461,152,3,735,736,196),(462,153,3,739,740,197),(463,154,3,743,744,198),(464,154,3,745,746,199),(465,154,3,747,748,200),(466,154,3,749,750,201),(467,155,3,753,754,202),(468,156,3,757,758,203),(469,157,3,761,762,204),(470,157,3,763,764,205),(471,158,3,767,768,206),(472,158,3,769,770,207),(473,158,3,771,772,208),(474,159,3,775,776,335),(475,159,3,777,778,336),(476,159,3,779,780,478),(477,159,3,781,782,337),(478,159,3,783,784,504),(479,159,3,785,786,338),(480,159,3,787,788,339),(481,160,3,791,792,209),(482,160,3,793,794,210),(483,161,3,797,798,211),(484,162,3,801,802,212),(485,162,3,803,804,213),(486,163,3,807,808,214),(487,164,3,811,812,215),(488,164,3,813,814,216),(489,164,3,815,816,217),(490,164,3,817,818,218),(491,164,3,819,820,219),(492,164,3,821,822,220),(493,164,3,823,824,221),(494,165,3,827,828,222),(495,166,3,831,832,223),(496,166,3,833,834,224),(497,166,3,835,836,225),(498,167,3,839,840,60194),(499,167,3,841,842,226),(500,167,3,843,844,28535),(501,167,3,845,846,227),(502,167,3,847,848,21190),(503,167,3,849,850,228),(504,167,3,851,852,229),(505,167,3,853,854,230),(506,168,3,857,858,231),(507,168,3,859,860,60201),(508,169,3,863,864,232),(509,169,3,865,866,42104),(510,169,3,867,868,233),(511,169,3,869,870,234),(512,169,3,871,872,235),(513,170,3,875,876,236),(514,170,3,877,878,237),(515,170,3,879,880,238),(516,170,3,881,882,239),(517,170,3,883,884,240),(518,170,3,885,886,241),(519,170,3,887,888,242),(520,170,3,889,890,243),(521,170,3,891,892,244),(522,170,3,893,894,245),(523,170,3,895,896,246),(524,170,3,897,898,1990),(525,170,3,899,900,247),(526,170,3,901,902,248),(527,170,3,903,904,44105),(528,170,3,905,906,249),(529,170,3,907,908,250),(530,170,3,909,910,251),(531,170,3,911,912,252),(532,170,3,913,914,253),(533,170,3,915,916,254),(534,170,3,917,918,255),(535,170,3,919,920,256),(536,170,3,921,922,257),(537,170,3,923,924,258),(538,170,3,925,926,259),(539,170,3,927,928,60180),(540,171,3,931,932,260),(541,171,3,933,934,261),(542,171,3,935,936,262),(543,171,3,937,938,60195),(544,171,3,939,940,263),(545,171,3,941,942,264),(546,173,3,947,948,265),(547,173,3,949,950,266),(548,173,3,951,952,267),(549,173,3,953,954,268),(550,173,3,955,956,269),(551,173,3,957,958,270),(552,173,3,959,960,60196),(553,174,3,963,964,506),(554,174,3,965,966,271),(555,174,3,967,968,272),(556,174,3,969,970,273),(557,175,3,973,974,274),(558,175,3,975,976,275),(559,175,3,977,978,276),(560,175,3,979,980,277),(561,175,3,981,982,278),(562,175,3,983,984,279),(563,176,3,987,988,280),(564,176,3,989,990,281),(565,177,3,993,994,282),(566,177,3,995,996,283),(567,177,3,997,998,60142),(568,177,3,999,1000,284),(569,177,3,1001,1002,869),(570,178,3,1005,1006,285),(571,178,3,1007,1008,286),(572,179,3,1011,1012,287),(573,179,3,1013,1014,288),(574,179,3,1015,1016,289),(575,180,3,1019,1020,290),(576,180,3,1021,1022,291),(577,181,3,1025,1026,292),(578,181,3,1027,1028,293),(579,181,3,1029,1030,294),(580,181,3,1031,1032,295),(581,182,3,1035,1036,296),(582,183,3,1039,1040,297),(583,183,3,1041,1042,298),(584,183,3,1043,1044,299),(585,184,3,1047,1048,300),(586,184,3,1049,1050,301),(587,184,3,1051,1052,302),(588,184,3,1053,1054,303),(589,184,3,1055,1056,304),(590,184,3,1057,1058,305),(591,185,3,1061,1062,306),(592,185,3,1063,1064,307),(593,185,3,1065,1066,308),(594,185,3,1067,1068,309),(595,185,3,1069,1070,310),(596,185,3,1071,1072,311),(597,185,3,1073,1074,312),(598,185,3,1075,1076,313),(599,186,3,1079,1080,314),(600,187,3,1083,1084,315),(601,187,3,1085,1086,316),(602,187,3,1087,1088,317),(603,188,3,1091,1092,318),(604,190,3,1097,1098,60203),(605,191,3,1133,1134,340),(606,191,3,1135,1136,341),(607,192,3,1139,1140,342),(608,192,3,1141,1142,343),(609,192,3,1143,1144,344),(610,193,3,1147,1148,345),(611,193,3,1149,1150,346),(612,193,3,1151,1152,347),(613,193,3,1153,1154,348),(614,193,3,1155,1156,349),(615,193,3,1157,1158,350),(616,193,3,1159,1160,351),(617,194,3,1163,1164,352),(618,194,3,1165,1166,46343),(619,194,3,1167,1168,353),(620,194,3,1169,1170,354),(621,194,3,1171,1172,355),(622,194,3,1173,1174,356),(623,194,3,1175,1176,357),(624,194,3,1177,1178,358),(625,194,3,1179,1180,359),(626,195,3,1183,1184,360),(627,195,3,1185,1186,361),(628,195,3,1187,1188,362),(629,196,3,1191,1192,363),(630,196,3,1193,1194,364),(631,196,3,1195,1196,365),(632,196,3,1197,1198,366),(633,197,3,1201,1202,367),(634,197,3,1203,1204,368),(635,197,3,1205,1206,369),(636,198,3,1209,1210,370),(637,198,3,1211,1212,371),(638,198,3,1213,1214,372),(639,199,3,1217,1218,373),(640,199,3,1219,1220,374),(641,199,3,1221,1222,375),(642,199,3,1223,1224,376),(643,199,3,1225,1226,377),(644,199,3,1227,1228,2189),(645,199,3,1229,1230,378),(646,199,3,1231,1232,379),(647,200,3,1235,1236,422),(648,200,3,1237,1238,423),(649,200,3,1239,1240,424),(650,201,3,1243,1244,425),(651,201,3,1245,1246,426),(652,201,3,1247,1248,427),(653,201,3,1249,1250,428),(654,201,3,1251,1252,429),(655,201,3,1253,1254,430),(656,201,3,1255,1256,431),(657,202,3,1259,1260,432),(658,202,3,1261,1262,433),(659,202,3,1263,1264,434),(660,202,3,1265,1266,435),(661,203,3,1269,1270,436),(662,203,3,1271,1272,437),(663,203,3,1273,1274,438),(664,204,3,1277,1278,439),(665,204,3,1279,1280,440),(666,204,3,1281,1282,441),(667,204,3,1283,1284,442),(668,204,3,1285,1286,443),(669,205,3,1289,1290,27679),(670,205,3,1291,1292,444),(671,205,3,1293,1294,445),(672,205,3,1295,1296,446),(673,205,3,1297,1298,447),(674,205,3,1299,1300,502),(675,206,3,1303,1304,448),(676,206,3,1305,1306,449),(677,206,3,1307,1308,450),(678,207,3,1311,1312,43078),(679,207,3,1313,1314,451),(680,207,3,1315,1316,452),(681,207,3,1317,1318,60199),(682,207,3,1319,1320,453),(683,207,3,1321,1322,454),(684,208,3,1325,1326,455),(685,208,3,1327,1328,456),(686,209,3,1331,1332,457),(687,209,3,1333,1334,458),(688,209,3,1335,1336,18716),(689,209,3,1337,1338,459),(690,209,3,1339,1340,460),(691,209,3,1341,1342,461),(692,210,3,1345,1346,462),(693,210,3,1347,1348,18553),(694,210,3,1349,1350,463),(695,210,3,1351,1352,464),(696,210,3,1353,1354,465),(697,211,3,1357,1358,466),(698,211,3,1359,1360,467),(699,211,3,1361,1362,468),(700,212,3,1365,1366,469),(701,212,3,1367,1368,470),(702,212,3,1369,1370,471),(703,212,3,1371,1372,472),(704,213,3,1375,1376,473),(705,213,3,1377,1378,474),(706,213,3,1379,1380,475),(707,214,3,1383,1384,45177),(708,214,3,1385,1386,503),(709,214,3,1387,1388,476);
/*!40000 ALTER TABLE `location_copy` ENABLE KEYS */;
UNLOCK TABLES;

--
-- Table structure for table `location_names`
--

DROP TABLE IF EXISTS `location_names`;
/*!40101 SET @saved_cs_client     = @@character_set_client */;
/*!40101 SET character_set_client = utf8 */;
CREATE TABLE `location_names` (
  `l_id` int(10) unsigned NOT NULL,
  `l_pid` int(10) unsigned NOT NULL DEFAULT '0',
  `l_name` varchar(255) NOT NULL,
  `l_latitude` decimal(10,8) NOT NULL,
  `l_longitude` decimal(11,8) NOT NULL,
  `l_kind` varchar(50) NOT NULL,
  `l_full_name` varchar(255) NOT NULL,
  PRIMARY KEY (`l_id`),
  UNIQUE KEY `pid_name` (`l_pid`,`l_name`(50)),
  KEY `lname` (`l_name`(30))
) ENGINE=InnoDB DEFAULT CHARSET=utf8;
/*!40101 SET character_set_client = @saved_cs_client */;

--
-- Dumping data for table `location_names`
--

LOCK TABLES `location_names` WRITE;
/*!40000 ALTER TABLE `location_names` DISABLE KEYS */;
INSERT INTO `location_names` VALUES (1,0,'Россия',61.69865300,99.50540500,'country','Россия'),(2,1,'Московская область',55.81579200,37.38003100,'province','Россия, Московская область'),(3,2,'Раменский район',55.56728000,38.22580400,'area','Россия, Московская область, Раменский район'),(4,3,'Островецкое сельское поселение',55.59190000,37.99351700,'area','Россия, Московская область, Раменский район, Островецкое сельское поселение'),(5,4,'село Верхнее Мячково',55.55066200,37.97962000,'locality','Россия, Московская область, Раменский район, Островецкое сельское поселение, село Верхнее Мячково'),(6,2,'Подольск',55.43117700,37.54473700,'locality','Россия, Московская область, Подольск');
/*!40000 ALTER TABLE `location_names` ENABLE KEYS */;
UNLOCK TABLES;

--
-- Table structure for table `location_names_copy`
--

DROP TABLE IF EXISTS `location_names_copy`;
/*!40101 SET @saved_cs_client     = @@character_set_client */;
/*!40101 SET character_set_client = utf8 */;
CREATE TABLE `location_names_copy` (
  `l_id` int(10) unsigned NOT NULL,
  `l_pid` int(10) unsigned NOT NULL DEFAULT '0',
  `l_name` varchar(255) NOT NULL,
  PRIMARY KEY (`l_id`),
  UNIQUE KEY `pid_name` (`l_pid`,`l_name`(20))
) ENGINE=InnoDB DEFAULT CHARSET=utf8;
/*!40101 SET character_set_client = @saved_cs_client */;

--
-- Dumping data for table `location_names_copy`
--

LOCK TABLES `location_names_copy` WRITE;
/*!40000 ALTER TABLE `location_names_copy` DISABLE KEYS */;
INSERT INTO `location_names_copy` VALUES (1,0,'Австралия'),(2,0,'Австрия'),(3,0,'Азербайджан'),(4,0,'Албания'),(5,0,'Андорра'),(6,0,'Аомынь'),(7,0,'Арабские Эмираты'),(8,0,'Аргентина'),(9,0,'Армения'),(10,0,'Бахрейн'),(11,0,'Беларусь'),(12,0,'Бельгия'),(13,0,'Болгария'),(14,0,'Боливия'),(15,0,'Босния и Герцеговина'),(16,0,'Бразилия'),(17,0,'Бруней'),(18,0,'Ватикан'),(19,0,'Великобритания'),(20,0,'Венгрия'),(21,0,'Венесуэла'),(22,0,'Вьетнам'),(23,0,'Габон'),(24,0,'Гватемала'),(25,0,'Германия'),(26,0,'Гондурас'),(27,0,'Гонконг'),(28,0,'Греция'),(29,0,'Грузия'),(30,0,'Дания'),(31,0,'Израиль'),(32,0,'Индия'),(33,0,'Индонезия'),(34,0,'Иордания'),(35,0,'Иран'),(36,0,'Ирландия'),(37,0,'Исландия'),(38,0,'Испания'),(39,0,'Италия'),(40,0,'Казахстан'),(41,0,'Канада'),(42,0,'Катар'),(43,0,'Кипр'),(44,0,'Киргизия'),(45,0,'Китай'),(46,0,'Колумбия'),(47,0,'Коста-Рика'),(48,0,'Кувейт'),(49,0,'Латвия'),(50,0,'Ливан'),(51,0,'Литва'),(52,0,'Лихтенштейн'),(53,0,'Люксембург'),(54,0,'Маврикий'),(55,0,'Македония'),(56,0,'Малайзия'),(57,0,'Мальта'),(58,0,'Мексика'),(59,0,'Молдавия'),(60,0,'Монако'),(61,0,'Мьянма'),(62,0,'Непал'),(63,0,'Нидерланды'),(64,0,'Новая Зеландия'),(65,0,'Норвегия'),(66,0,'Пакистан'),(67,0,'Перу'),(68,0,'Польша'),(69,0,'Португалия'),(70,0,'Пуэрто-Рико'),(71,0,'Россия'),(72,0,'Румыния'),(73,0,'Сальвадор'),(74,0,'Сан-Марино'),(75,0,'Саудовская Аравия'),(76,0,'Сербия'),(77,0,'Сингапур'),(78,0,'Сирия'),(79,0,'Словакия'),(80,0,'Словения'),(81,0,'США'),(82,0,'Таиланд'),(83,0,'Тайвань'),(84,0,'Тунис'),(85,0,'Турция'),(86,0,'Узбекистан'),(87,0,'Украина'),(88,0,'Фарерские острова'),(89,0,'Филиппины'),(90,0,'Финляндия'),(91,0,'Франция'),(92,0,'Хорватия'),(93,0,'Черногория'),(94,0,'Чехия'),(95,0,'Чили'),(96,0,'Швейцария'),(97,0,'Швеция'),(98,0,'Эквадор'),(99,0,'Эстония'),(100,0,'Южная Корея'),(101,0,'Япония'),(102,11,'Брестская область'),(103,11,'Витебская область'),(104,11,'Гомельская область'),(105,11,'Гродненская область'),(106,11,'Минская область'),(107,11,'Могилевская область'),(108,59,'Кишинев'),(109,71,'Алтайский край'),(110,71,'Амурская область'),(111,71,'Архангельская область'),(112,71,'Астраханская область'),(113,71,'Белгородская область'),(114,71,'Брянская область'),(115,71,'Владимирская область'),(116,71,'Волгоградская область'),(117,71,'Вологодская область'),(118,71,'Воронежская область'),(119,71,'Еврейская автономная область'),(120,71,'Забайкальский край'),(121,71,'Ивановская область'),(122,71,'Иркутская область'),(123,71,'Кабардино-Балкарская республика'),(124,71,'Калининградская область'),(125,71,'Калужская область'),(126,71,'Камчатский край'),(127,71,'Карачаево-Черкесская республика'),(128,71,'Кемеровская область'),(129,71,'Кировская область'),(130,71,'Костромская область'),(131,71,'Краснодарский край'),(132,71,'Красноярский край'),(133,71,'Курганская область'),(134,71,'Курская область'),(135,71,'Липецкая область'),(136,71,'Магаданская область'),(137,71,'Москва и Московская область'),(138,71,'Мурманская область'),(139,71,'Ненецкий автономный округ'),(140,71,'Нижегородская область'),(141,71,'Новгородская область'),(142,71,'Новосибирская область'),(143,71,'Омская область'),(144,71,'Оренбургская область'),(145,71,'Орловская область'),(146,71,'Пензенская область'),(147,71,'Пермский край'),(148,71,'Приморский край'),(149,71,'Псковская область'),(150,71,'Республика Адыгея'),(151,71,'Республика Алтай'),(152,71,'Республика Башкортостан'),(153,71,'Республика Бурятия'),(154,71,'Республика Дагестан'),(155,71,'Республика Ингушетия'),(156,71,'Республика Калмыкия'),(157,71,'Республика Карелия'),(158,71,'Республика Коми'),(159,71,'Республика Крым'),(160,71,'Республика Марий Эл'),(161,71,'Республика Мордовия'),(162,71,'Республика Саха (Якутия)'),(163,71,'Республика Северная Осетия-Алания'),(164,71,'Республика Татарстан'),(165,71,'Республика Тыва'),(166,71,'Республика Хакасия'),(167,71,'Ростовская область'),(168,71,'Рязанская область'),(169,71,'Самарская область'),(170,71,'Санкт-Петербург и Ленинградская область'),(171,71,'Саратовская область'),(172,71,'Сахалинская область'),(173,71,'Свердловская область'),(174,71,'Смоленская область'),(175,71,'Ставропольский край'),(176,71,'Тамбовская область'),(177,71,'Тверская область'),(178,71,'Томская область'),(179,71,'Тульская область'),(180,71,'Тюменская область'),(181,71,'Удмуртская республика'),(182,71,'Ульяновская область'),(183,71,'Хабаровский край'),(184,71,'Ханты-Мансийский АО - Югра'),(185,71,'Челябинская область'),(186,71,'Чеченская республика'),(187,71,'Чувашская республика'),(188,71,'Чукотский Автономный округ'),(189,71,'Ямало-Ненецкий автономный округ'),(190,71,'Ярославская область'),(191,87,'Винницкая область'),(192,87,'Волынская область'),(193,87,'Днепропетровская область'),(194,87,'Донецкая область'),(195,87,'Житомирская область'),(196,87,'Закарпатская область'),(197,87,'Запорожская область'),(198,87,'Ивано-Франковская область'),(199,87,'Киевская область'),(200,87,'Кировоградская область'),(201,87,'Луганская область'),(202,87,'Львовская область'),(203,87,'Николаевская область'),(204,87,'Одесская область'),(205,87,'Полтавская область'),(206,87,'Ровенская область'),(207,87,'Сумская область'),(208,87,'Тернопольская область'),(209,87,'Харьковская область'),(210,87,'Херсонская область'),(211,87,'Хмельницкая область'),(212,87,'Черкасская область'),(213,87,'Черниговская область'),(214,87,'Черновицкая область'),(215,102,'Барановичи'),(216,102,'Брест'),(217,102,'Пинск'),(218,103,'Витебск'),(219,103,'Новополоцк'),(220,103,'Орша'),(221,103,'Полоцк'),(222,104,'Гомель'),(223,104,'Жлобин'),(224,104,'Мозырь'),(225,104,'Речица'),(226,104,'Светлогорск'),(227,105,'Гродно'),(228,105,'Лида'),(229,106,'Борисов'),(230,106,'деревня Удранка'),(231,106,'Минск'),(232,106,'Молодечно'),(233,106,'Несвиж'),(234,107,'Могилев'),(235,108,'Вадул-луй-Водэ'),(236,109,'Барнаул'),(237,109,'Бийск'),(238,109,'Рубцовск'),(239,110,'Белогорск'),(240,110,'Благовещенск'),(241,111,'Архангельск'),(242,111,'Северодвинск'),(243,112,'Астрахань'),(244,113,'Белгород'),(245,113,'Губкин'),(246,113,'Старый Оскол'),(247,113,'Шебекино'),(248,114,'Брянск'),(249,115,'Александров'),(250,115,'Владимир'),(251,115,'Гусь-Хрустальный'),(252,115,'деревня Киржач'),(253,115,'Ковров'),(254,115,'Муром'),(255,115,'Покров'),(256,115,'Суздаль'),(257,116,'Волгоград'),(258,116,'Волжский'),(259,116,'Калач-на-дону'),(260,116,'Камышин'),(261,118,'Воронеж'),(262,118,'Липецк'),(263,118,'Россошь'),(264,119,'Биробиджан'),(265,121,'Заволжск'),(266,121,'Иваново'),(267,121,'Кинешма'),(268,121,'Шалдово'),(269,122,'Ангарск'),(270,122,'Братск'),(271,122,'Иркутск'),(272,122,'Усолье-Сибирское'),(273,122,'Усть-Илимск'),(274,122,'Черемхово'),(275,123,'Нальчик'),(276,124,'Калининград'),(277,125,'Величково'),(278,125,'Калуга'),(279,125,'Киров'),(280,125,'Малоярославец'),(281,125,'Обнинск'),(282,125,'Таруса'),(283,126,'Петропавловск-Камчатский'),(284,127,'Черкесск'),(285,128,'Анжеро-Судженск'),(286,128,'Белово'),(287,128,'Кемерово'),(288,128,'Киселёвск'),(289,128,'Ленинск-Кузнецкий'),(290,128,'Междуреченск'),(291,128,'Новокузнецк'),(292,128,'Прокопьевск'),(293,128,'Юрга'),(294,129,'Киров'),(295,129,'Кирово-Чепецк'),(296,130,'Кострома'),(297,131,'Армавир'),(298,131,'Ейск'),(299,131,'Краснодар'),(300,131,'Лениградская'),(301,131,'Майский'),(302,131,'Новомихайловский'),(303,131,'Новороссийск'),(304,131,'Ольгинка'),(305,131,'Сочи'),(306,131,'Темрюк'),(307,131,'Туапсе'),(308,132,'Ачинск'),(309,132,'Железногорск'),(310,132,'Зеленогорск'),(311,132,'Канск'),(312,132,'Красноярск'),(313,132,'Лесосибирск'),(314,132,'Минусинск'),(315,132,'Назарово'),(316,132,'Норильск'),(317,133,'Курган'),(318,133,'Шадринск'),(319,134,'Железногорск'),(320,134,'Курск'),(321,134,'Курчатов'),(322,135,'Грязи'),(323,135,'Елец'),(324,135,'Лебедянь'),(325,135,'Липецк'),(326,136,'Магадан'),(327,137,'Апрелевка'),(328,137,'Балашиха'),(329,137,'Брехово'),(330,137,'Видное'),(331,137,'Волоколамск'),(332,137,'Воскресенск'),(333,137,'Дедовск'),(334,137,'деревня Васюнино'),(335,137,'Дзержинский'),(336,137,'Дмитров'),(337,137,'Долгопрудный'),(338,137,'Домодедово'),(339,137,'Дубна'),(340,137,'Егорьевск'),(341,137,'Железнодорожный'),(342,137,'Жуковский'),(343,137,'Зарайск'),(344,137,'Звенигород'),(345,137,'Ивантеевка'),(346,137,'Игнатово'),(347,137,'Истра'),(348,137,'Каракашево'),(349,137,'Кашира'),(350,137,'Климовск'),(351,137,'Клин'),(352,137,'Коломна'),(353,137,'Королёв'),(354,137,'Котельники'),(355,137,'Красково'),(356,137,'Красноармейск'),(357,137,'Красногорск'),(358,137,'Краснознаменск'),(359,137,'Кубинка'),(360,137,'Куровское'),(361,137,'Лобня'),(362,137,'Лосино-Петровский'),(363,137,'Луховицы'),(364,137,'Лыткарино'),(365,137,'Люберцы'),(366,137,'Малаховка'),(367,137,'Можайск'),(368,137,'Москва'),(369,137,'Московский'),(370,137,'Мытищи'),(371,137,'Наро-Фоминск'),(372,137,'Новоивановское'),(373,137,'Ногинск'),(374,137,'Обушково'),(375,137,'Одинцово'),(376,137,'Ожерелье'),(377,137,'Орехово-Зуево'),(378,137,'Осташково'),(379,137,'Павловский Посад'),(380,137,'Пересвет'),(381,137,'Подольск'),(382,137,'Протвино'),(383,137,'Пушкино'),(384,137,'Пущино'),(385,137,'Раково'),(386,137,'Раменское'),(387,137,'Реутов'),(388,137,'Рошаль'),(389,137,'Руза'),(390,137,'село Верхнее Мячково'),(391,137,'Сельвачёво'),(392,137,'Сергиев Посад'),(393,137,'Серпухов'),(394,137,'Солнечногорск'),(395,137,'Старая Купавна'),(396,137,'Ступино'),(397,137,'Талдом'),(398,137,'Троицк'),(399,137,'Фирсановка'),(400,137,'Фрязино'),(401,137,'Химки'),(402,137,'Хотьково'),(403,137,'Черноголовка'),(404,137,'Чехов'),(405,137,'Шатура'),(406,137,'Шелудьково'),(407,137,'Щёлково'),(408,137,'Щербинка'),(409,137,'Электрогорск'),(410,137,'Электросталь'),(411,137,'Электроугли'),(412,137,'Юбилейный'),(413,137,'Яхрома'),(414,138,'Апатиты'),(415,138,'Мурманск'),(416,139,'Нарьян-Мар'),(417,140,'Арзамас'),(418,140,'Балахна'),(419,140,'Бор'),(420,140,'Выкса'),(421,140,'Дзержинск'),(422,140,'Кстово'),(423,140,'Нижний Новгород'),(424,140,'Павлово'),(425,140,'Рекшино'),(426,140,'Саров'),(427,141,'Боровичи'),(428,141,'Валдай'),(429,141,'Великий Новгород'),(430,141,'Старая Русса'),(431,141,'Чудово'),(432,142,'Бердск'),(433,142,'Искитим'),(434,142,'Новосибирск'),(435,143,'Омск'),(436,144,'Бузулук'),(437,144,'Новотроицк'),(438,144,'Оренбург'),(439,144,'Орск'),(440,145,'Орёл'),(441,146,'Заречный'),(442,146,'Кузнецк'),(443,146,'Пенза'),(444,147,'Березники'),(445,147,'Пермь'),(446,147,'Соликамск'),(447,148,'Артём'),(448,148,'Владивосток'),(449,148,'Находка'),(450,148,'Уссурийск'),(451,149,'Великие Луки'),(452,149,'Псков'),(453,150,'Майкоп'),(454,151,'Горно-Алтайск'),(455,152,'Кумертау'),(456,152,'Нефтекамск'),(457,152,'Октябрьский'),(458,152,'Салават'),(459,152,'СИбай'),(460,152,'Стерлитамак'),(461,152,'Уфа'),(462,153,'Улан-Удэ'),(463,154,'Дербент'),(464,154,'Каспийск'),(465,154,'Махачкала'),(466,154,'Хасавюрт'),(467,155,'Назрань'),(468,156,'Элиста'),(469,157,'Кондопога'),(470,157,'Петрозаводск'),(471,158,'Воркута'),(472,158,'Сыктывкар'),(473,158,'Ухта'),(474,159,'Евпатория'),(475,159,'Керчь'),(476,159,'Севастополь'),(477,159,'Симферополь'),(478,159,'Суворовское'),(479,159,'Феодосия'),(480,159,'Ялта'),(481,160,'Волжск'),(482,160,'Йошкар-Ола'),(483,161,'Саранск'),(484,162,'Нерюнгри'),(485,162,'Якутск'),(486,163,'Владикавказ'),(487,164,'Альметьевск'),(488,164,'Бугульма'),(489,164,'Елабуга'),(490,164,'Зеленодольск'),(491,164,'Казань'),(492,164,'Набережные Челны'),(493,164,'Нижнекамск'),(494,165,'Кызыл'),(495,166,'Абакан'),(496,166,'Саяногорск'),(497,166,'Черногорск'),(498,167,'Азов'),(499,167,'Волгодонск'),(500,167,'Каменск-Шахтинский'),(501,167,'Новочеркасск'),(502,167,'Пухляковский'),(503,167,'Ростов-на-Дону'),(504,167,'Таганрог'),(505,167,'Шахты'),(506,168,'Рязань'),(507,168,'Скопин'),(508,169,'Новокуйбышевск'),(509,169,'Прибрежный'),(510,169,'Самара'),(511,169,'Сызрань'),(512,169,'Тольятти'),(513,170,'Волосово'),(514,170,'Волхов'),(515,170,'Всеволожск'),(516,170,'Выборг'),(517,170,'Гатчина'),(518,170,'Ивангород'),(519,170,'Каменногорск'),(520,170,'Кингисепп'),(521,170,'Кириши'),(522,170,'Кировск'),(523,170,'Коммунар'),(524,170,'Кудрово'),(525,170,'Лодейное Поле'),(526,170,'Луга'),(527,170,'Никольское'),(528,170,'Новая Ладога'),(529,170,'Отрадное'),(530,170,'Приморск'),(531,170,'Приозерск'),(532,170,'Санкт-Петербург'),(533,170,'Светогорск'),(534,170,'Сертолово'),(535,170,'Сланцы'),(536,170,'Сосновый Бор'),(537,170,'Сясьстрой'),(538,170,'Тихвин'),(539,170,'Тосно'),(540,171,'Балаково'),(541,171,'Балашов'),(542,171,'Вольск'),(543,171,'Маркс'),(544,171,'Саратов'),(545,171,'Энгельс'),(546,173,'Екатеринбург'),(547,173,'Каменск-Уральский'),(548,173,'Нижний Тагил'),(549,173,'Новоуральск'),(550,173,'Первоуральск'),(551,173,'Серов'),(552,173,'Таватуй'),(553,174,'Верхнеднепровский'),(554,174,'Вязьма'),(555,174,'Рославль'),(556,174,'Смоленск'),(557,175,'Ессентуки'),(558,175,'Кисловодск'),(559,175,'Минеральные Воды'),(560,175,'Невинномысск'),(561,175,'Пятигорск'),(562,175,'Ставрополь'),(563,176,'Мичуринск'),(564,176,'Тамбов'),(565,177,'Вышний Волочёк'),(566,177,'Кимры'),(567,177,'Осташков'),(568,177,'Тверь'),(569,177,'Энергетик'),(570,178,'Северск'),(571,178,'Томск'),(572,179,'Алексин'),(573,179,'Новомосковск'),(574,179,'Тула'),(575,180,'Тобольск'),(576,180,'Тюмень'),(577,181,'Воткинск'),(578,181,'Глазов'),(579,181,'Ижевск'),(580,181,'Сарапул'),(581,182,'Ульяновск'),(582,183,'Амурск'),(583,183,'Комсомольск-на-Амуре'),(584,183,'Хабаровск'),(585,184,'Когалым'),(586,184,'Нефтеюганск'),(587,184,'Нижневартовск'),(588,184,'Нягань'),(589,184,'Сургут'),(590,184,'Ханты-Мансийск'),(591,185,'Златоуст'),(592,185,'Копейск'),(593,185,'Магнитогорск'),(594,185,'Миасс'),(595,185,'Озёрск'),(596,185,'Снежинск'),(597,185,'Троицк'),(598,185,'Челябинск'),(599,186,'Грозный'),(600,187,'Канаш'),(601,187,'Новочебоксарск'),(602,187,'Чебоксары'),(603,188,'Анадырь'),(604,190,'Ярославль'),(605,191,'Винница'),(606,191,'Могилёв-Подольский'),(607,192,'Ковель'),(608,192,'Луцк'),(609,192,'Нововолынск'),(610,193,'Днепродзержинск'),(611,193,'Днепропетровск'),(612,193,'Кривой Рог'),(613,193,'Марганец'),(614,193,'Никополь'),(615,193,'Новомосковск'),(616,193,'Павлоград'),(617,194,'Горловка'),(618,194,'Димитров'),(619,194,'Донецк'),(620,194,'Енакиево'),(621,194,'Краматорск'),(622,194,'Макеевка'),(623,194,'Мариуполь'),(624,194,'Славянск'),(625,194,'Харцы́зск'),(626,195,'Бердичев'),(627,195,'Житомир'),(628,195,'Коростень'),(629,196,'Виноградов'),(630,196,'Мукачево'),(631,196,'Ужгород'),(632,196,'Хуст'),(633,197,'Бердянск'),(634,197,'Запорожье'),(635,197,'Мелитополь'),(636,198,'Ивано-Франковск'),(637,198,'Калуш'),(638,198,'Коломыя'),(639,199,'Белая Церковь'),(640,199,'Борисполь'),(641,199,'Бровары'),(642,199,'Васильков'),(643,199,'Ирпень'),(644,199,'Киев'),(645,199,'Славутич'),(646,199,'Фастов'),(647,200,'Александрия'),(648,200,'Кировоград'),(649,200,'Светловодск'),(650,201,'Алчевск'),(651,201,'Антрацит'),(652,201,'Красный Луч'),(653,201,'Лисичанск'),(654,201,'Луганск'),(655,201,'Свердловск'),(656,201,'Стаханов'),(657,202,'Дрогобыч'),(658,202,'Львов'),(659,202,'Стрый'),(660,202,'Трускавец'),(661,203,'Николаев'),(662,203,'Первомайск'),(663,203,'Южноукраинск'),(664,204,'Белгород-Днестровский'),(665,204,'Измаил'),(666,204,'Ильичёвск'),(667,204,'Котовск'),(668,204,'Одесса'),(669,205,'Говтва'),(670,205,'Комсомольск'),(671,205,'Кременчуг'),(672,205,'Миргород'),(673,205,'Полтава'),(674,205,'Светлогорское'),(675,206,'Костополь'),(676,206,'Кузнецовск'),(677,206,'Ровно'),(678,207,'Глухов'),(679,207,'Конотоп'),(680,207,'Лебедин'),(681,207,'село Артюхово'),(682,207,'Сумы'),(683,207,'Шостка'),(684,208,'Кременец'),(685,208,'Тернополь'),(686,209,'Изюм'),(687,209,'Лозовая'),(688,209,'Мерефа'),(689,209,'Первомайский'),(690,209,'Харьков'),(691,209,'Чугуев'),(692,210,'Каховка'),(693,210,'Любимовка'),(694,210,'Скадовск'),(695,210,'Херсон'),(696,210,'Цюрупинск'),(697,211,'Дунаевцы'),(698,211,'Каменец-Подольский'),(699,211,'Хмельницкий'),(700,212,'Золотоноша'),(701,212,'Смела'),(702,212,'Умань'),(703,212,'Черкассы'),(704,213,'Нежин'),(705,213,'Прилуки'),(706,213,'Чернигов'),(707,214,'Заставна'),(708,214,'Сокиряны'),(709,214,'Черновцы');
/*!40000 ALTER TABLE `location_names_copy` ENABLE KEYS */;
UNLOCK TABLES;

--
-- Table structure for table `menu`
--

DROP TABLE IF EXISTS `menu`;
/*!40101 SET @saved_cs_client     = @@character_set_client */;
/*!40101 SET character_set_client = utf8 */;
CREATE TABLE `menu` (
  `m_id` smallint(5) unsigned NOT NULL AUTO_INCREMENT,
  `m_pid` smallint(5) unsigned NOT NULL DEFAULT '0',
  `m_path` varchar(255) NOT NULL,
  `m_name` varchar(100) NOT NULL,
  `m_title` varchar(255) NOT NULL,
  `m_h1` varchar(100) NOT NULL,
  `m_desc` text NOT NULL,
  `m_level` tinyint(3) unsigned NOT NULL,
  `m_lk` smallint(5) unsigned NOT NULL,
  `m_rk` smallint(5) unsigned NOT NULL,
  `c_id` smallint(5) unsigned NOT NULL,
  PRIMARY KEY (`m_id`),
  UNIQUE KEY `m_name` (`m_name`),
  UNIQUE KEY `mpath` (`m_path`),
  KEY `lrk_level` (`m_lk`,`m_rk`,`m_level`),
  KEY `cid` (`c_id`)
) ENGINE=InnoDB AUTO_INCREMENT=10 DEFAULT CHARSET=utf8 COMMENT='храним информацию о меню сайта (не админка)';
/*!40101 SET character_set_client = @saved_cs_client */;

--
-- Dumping data for table `menu`
--

LOCK TABLES `menu` WRITE;
/*!40000 ALTER TABLE `menu` DISABLE KEYS */;
INSERT INTO `menu` VALUES (1,0,'/chat','Чат','Чат','Чат','Чат',1,9,10,9),(2,0,'/news','Новости','Новости','Новости','Новости',1,7,8,6),(3,0,'/user','МотоСоседи','МотоСоседи','МотоСоседи','МотоСоседи',1,1,2,13),(4,0,'/blog','Блог','Блог','Блог','Блог',1,5,6,7),(5,0,'/events','МотоСобытия','МотоСобытия','МотоСобытия','МотоСобытия',1,11,12,8),(7,0,'/mototreki','МотоТреки','МотоТреки','МотоТреки','МотоТреки',1,15,16,10),(8,0,'/motosaloni','МотоСалоны','МотоСалоны','МотоСалоны','МотоСалоны',1,13,14,11),(9,0,'/admoto','Объявления','Объявления','Объявления','Объявления',1,3,4,12);
/*!40000 ALTER TABLE `menu` ENABLE KEYS */;
UNLOCK TABLES;

--
-- Table structure for table `moto_track`
--

DROP TABLE IF EXISTS `moto_track`;
/*!40101 SET @saved_cs_client     = @@character_set_client */;
/*!40101 SET character_set_client = utf8 */;
CREATE TABLE `moto_track` (
  `mtt_id` int(10) unsigned NOT NULL AUTO_INCREMENT,
  `mtt_name` varchar(255) NOT NULL DEFAULT '',
  `mtt_website` varchar(255) NOT NULL DEFAULT '',
  `mtt_address` varchar(255) NOT NULL DEFAULT '',
  `mtt_descrip` text,
  `mtt_email` varchar(255) NOT NULL DEFAULT '',
  `mtt_phones` varchar(255) NOT NULL DEFAULT '',
  `mtt_latitude` decimal(10,8) DEFAULT NULL,
  `mtt_longitude` decimal(11,8) DEFAULT NULL,
  `mtt_location_id` int(10) unsigned NOT NULL DEFAULT '0',
  `mtt_create_ts` int(10) unsigned NOT NULL DEFAULT '0',
  `mtt_update_ts` int(10) unsigned NOT NULL DEFAULT '0',
  PRIMARY KEY (`mtt_id`),
  UNIQUE KEY `mtt_name` (`mtt_name`)
) ENGINE=InnoDB AUTO_INCREMENT=3 DEFAULT CHARSET=utf8;
/*!40101 SET character_set_client = @saved_cs_client */;

--
-- Dumping data for table `moto_track`
--

LOCK TABLES `moto_track` WRITE;
/*!40000 ALTER TABLE `moto_track` DISABLE KEYS */;
INSERT INTO `moto_track` VALUES (1,'Автодром «Лидер»','globalracing.ru','Россия, Московская область, Подольск, Симферопольское шоссе, 42-й километр, 1к9','<p>Общие характеристики трассы:</p>\r\n<ul>\r\n<li>Открытие &ndash; осень 2004 г.</li>\r\n<li>Официальное открытие &ndash; 9 июля 2005 г.</li>\r\n<li>Длина &ndash; 1153 метра</li>\r\n<li>Максимальная ширина - 10 метров</li>\r\n<li>Минимальная ширина &ndash; 8 метров</li>\r\n<li>Общее количество поворотов - 17</li>\r\n<li>Количество правых поворотов &ndash; 9</li>\r\n<li>Количество левых поворотов &ndash; 8</li>\r\n<li>Количество гонщиков на стартовой решетке - до 34</li>\r\n<li>Количество судейских постов на трассе &ndash; 9</li>\r\n<li>Количество боксов &ndash; 14 (по 40 м.кв.)</li>\r\n<li>Покрытие &ndash; асфальт (первое покрытие 2004 г)</li>\r\n<li>Вместимость трибуны для зрителей &ndash; до 1.000 человек (4 сектора)</li>\r\n</ul>\r\n<p>Географическое расположение</p>\r\n<p>Трек расположен на 41 км автомагистрали М2 Москва-Крым (направление на Тулу). Южное направление дает некоторые преимущества. Часто, когда в Москве дождь, над треком сияет солнце.</p>\r\n<p>Инфраструктура и сервис</p>\r\n<p>Автодром построен на территории загородного клуба &laquo;Айвенго&raquo;, в уютных номерах которого вы можете с комфортом передохнуть между тренировками, остановиться на несколько дней для более основательной подготовки к соревнованиям, перекусить в кафе, ресторане, поиграть на открытой площадке в большой теннис, сходить в сауну, казино, да и вообще приятно провести время со своей семьей или друзьями, которые наверняка захотят поехать на воскресную гонку вместе с вами.</p>\r\n<p>Спортивные составляющие:</p>\r\n<ul>\r\n<li>подходит для езды на картах (спортивных и прокатных),</li>\r\n<li>минимотоциклах,</li>\r\n<li>супермотардах,</li>\r\n<li>шоссейных мотоциклах</li>\r\n<li>и автомобилях.</li>\r\n</ul>','info@globalracing.ru','+7 (495) 971-16-65; +7 (903) 977-12-40',55.39917189,37.60356793,6,1472393643,1472491391),(2,'АДМ Мячково','admraceway.ru','Россия, Московская область, Раменский район, Островецкое сельское поселение, село Верхнее Мячково, аэродром Мячково','<p>ADM Raceway&nbsp;&mdash; старейшая из ныне действующих российских гоночных трасс, построенная в&nbsp;соответствии с требованиями категории III&nbsp;FIA (фр. F&eacute;d&eacute;ration Internationale&nbsp;<wbr />de l&rsquo;Automobile&nbsp;&mdash; Международная автомобильная федерация). Представляет собой ровный&nbsp;асфальтированный участок длиной 3275 метров с 16 поворотами и несколькими скоростными прямыми, на котором можно проводить заезды как по часовой, так и против часовой стрелки. При необходимости может быть разделена на&nbsp;несколько&nbsp;<a href=\"http://admraceway.ru/configurations/\" target=\"_blank\">конфигураций.</a>&nbsp;Ширина дорожного полотна варьируется&nbsp;от 9 до 12 метров.</p>','adm@adm-raceway.ru','+7 (495) 995-95-93',55.56046900,37.98247700,5,1472394917,1472491335);
/*!40000 ALTER TABLE `moto_track` ENABLE KEYS */;
UNLOCK TABLES;

--
-- Table structure for table `moto_track_old`
--

DROP TABLE IF EXISTS `moto_track_old`;
/*!40101 SET @saved_cs_client     = @@character_set_client */;
/*!40101 SET character_set_client = utf8 */;
CREATE TABLE `moto_track_old` (
  `mtt_id` int(11) unsigned NOT NULL AUTO_INCREMENT,
  `mtt_name` varchar(255) NOT NULL DEFAULT '',
  `mtt_website` varchar(255) NOT NULL DEFAULT '',
  `mtt_address` varchar(255) NOT NULL DEFAULT '',
  `mtt_descrip` text,
  `mtt_email` varchar(255) NOT NULL DEFAULT '',
  `mtt_phones` varchar(255) NOT NULL DEFAULT '',
  `mtt_gps` varchar(20) NOT NULL DEFAULT '',
  PRIMARY KEY (`mtt_id`),
  UNIQUE KEY `mtt_name` (`mtt_name`)
) ENGINE=InnoDB AUTO_INCREMENT=68 DEFAULT CHARSET=utf8;
/*!40101 SET character_set_client = @saved_cs_client */;

--
-- Dumping data for table `moto_track_old`
--

LOCK TABLES `moto_track_old` WRITE;
/*!40000 ALTER TABLE `moto_track_old` DISABLE KEYS */;
INSERT INTO `moto_track_old` VALUES (1,'Автодром «Лидер»','globalracing.ru','Симферопольское ш., 41-й км','<p><strong>Общие характеристики трассы:</strong></p>\r\n<ul>\r\n<li>Открытие &ndash; осень 2004 г.</li>\r\n<li>Официальное открытие &ndash; 9 июля 2005 г.</li>\r\n<li>Длина &ndash; 1153 метра</li>\r\n<li>Максимальная ширина - 10 метров</li>\r\n<li>Минимальная ширина &ndash; 8 метров</li>\r\n<li>Общее количество поворотов - 17</li>\r\n<li>Количество правых поворотов &ndash; 9</li>\r\n<li>Количество левых поворотов &ndash; 8</li>\r\n<li>Количество гонщиков на стартовой решетке - до 34</li>\r\n<li>Количество судейских постов на трассе &ndash; 9</li>\r\n<li>Количество боксов &ndash; 14 (по 40 м.кв.)</li>\r\n<li>Покрытие &ndash; асфальт (первое покрытие 2004 г)</li>\r\n<li>Вместимость трибуны для зрителей &ndash; до 1.000 человек (4 сектора)</li>\r\n</ul>\r\n<p><strong>Географическое расположение</strong></p>\r\n<p><strong></strong>Трек расположен на 41 км автомагистрали М2 Москва-Крым (направление на Тулу). Южное направление дает некоторые преимущества. Часто, когда в Москве дождь, над треком сияет солнце.</p>\r\n<p><strong> Инфраструктура и сервис</strong></p>\r\n<p>Автодром построен на территории загородного клуба &laquo;Айвенго&raquo;, в уютных номерах которого вы можете с комфортом передохнуть между тренировками, остановиться на несколько дней для более основательной подготовки к соревнованиям, перекусить в кафе, ресторане, поиграть на открытой площадке в большой теннис, сходить в сауну, казино, да и вообще приятно провести время со своей семьей или друзьями, которые наверняка захотят поехать на воскресную гонку вместе с вами.</p>\r\n<p><strong>Спортивные составляющие:</strong></p>\r\n<ul>\r\n<li>подходит для езды на картах (спортивных и прокатных),</li>\r\n<li>минимотоциклах,</li>\r\n<li>супермотардах,</li>\r\n<li>шоссейных мотоциклах</li>\r\n<li>и автомобилях.</li>\r\n</ul>','info@globalracing.ru','+7 (495) 971-16-65, +7 (903) 977-12-40','55.399365,37.604818'),(2,'АДМ Мячково','adm-raceway.ru','Мячково Верх. с','<p>Автодром \"АДМ\" - стационарная кольцевая гоночная трасса. Она представляет собой систему асфальтированных дорог, не асфальтированных участков, срезок, структур безопасности, зданий и сооружений и предназначена для проведения соревнований по автомобильным кольцевым гонкам и шоссейно-кольцевым мотогонкам. <br /><br /><strong>Характеристики трека:</strong></p>\r\n<ul>\r\n<li>Длина трека 3275 м</li>\r\n<li>Минимальная ширина 9 м</li>\r\n<li>Максимальная ширина 12 м</li>\r\n<li>Покрытие Асфальт + грунтовый участок</li>\r\n<li>Направление движения по часовой стрелке, против часовой стрелки</li>\r\n<li>Количество поворотов 17</li>\r\n</ul>\r\n<p>Будучи стационарной трассой в европейской части России, АДМ предоставляет уникальные возможности для безопасного скоростного вождения как гоночных, так и дорожных автомобилей и мотоциклов.<br /><br />Безопасность трека подтверждена несколькими лицензиями Российской Автомобильной Федерации. Статистика гоночных инцидентов 2006-2010 гг. подтверждает, что АДМ входит в число самых современных и безопасных трасс России.</p>','sheveleva@miachkovo.ru','+7 (495) 741-28-30; +7 (926) 015-62-84; +7 (926) 522-10-28; +7 (926) 015-62-83','55.564955,37.989309'),(3,'ДОСААФ Mototrek Racing','mototrek.org','улица Жака Дюкло, 66а','','','+7 (812) 293-84-84','60.024778,30.334715'),(4,'Картодром Маяк','mayak-karting.ru','Дмитровский район','<p>Трасса картодрома \"Маяк\" подготовлена с учётом требований международной автомобильной ассоциации (FIA).<br /><br />Длина трека составляет 1200 метров, а ширина от 8 до 10 метров. Трек оборудован системой электронного хронометража AMB 160. Имеются открытые трибуны на 300 зрителей, спорт-бар и магазин спортивной экипировки.</p>','','+7 (495) 972-60-53','56.170168,37.515774'),(5,'АСК Нижегородское кольцо','nring.ru','село Березовка, Богородский район','<p>Трасса длиной 3222 метра имеет семь разных конфигураций, в том числе полосу для дрег-рейсинга (805 м.), овал (617 м.), а также может делиться на тренировочную зону (1836 м.) и зону для картинга (1379 м.).<br /><br />Трехслойный асфальт уложен в соответствии с международными требованиями к трекам подобного уровня. Трасса построена в соответствии со стандартами Международной автомобильной федерации (FIA), которая позволит проводить все виды соревнований, в том числе международные, кроме Formula1. Спортсмены отзываются о треке как об интересной трассе, требующей от пилотов высокого мастерства.<br /><br />Кроме собственно спортивного трека и всего необходимого для гонок оборудования, построены паддок,крытые трибуны, позволяющие зрителям видеть все интересные участки трассы, а также парковка.</p>','info@nring.ru','+7 (831) 415-35-88','56.121205,43.602491'),(6,'СТК Смоленское кольцо','smolenskring.ru','Дорогобужский район','<p>Гоночная трасса на автодроме &laquo;Смоленское кольцо&raquo; располагает всеми необходимыми элементами безопасности, которые позволяют проводить автомобильные кольцевые гонки на мировом уровне. Предусмотрены зоны безопасности, установлены заграждения из шин. Кроме того, возведены специальные ограждения там, где располагаются зрители автогонки. Для разделения зоны пит-лейна и старта-финиша используется бетонное ограждение с защитной сеткой.</p>\r\n<p>Двенадцать стационарных боксов выстроены в одну линию вдоль стартовой прямой гоночной трассы и предназначены для команд - участниц автогонок. Двухэтажные помещения имеют размеры 12 на 14 метров. На верхних этажах боксов предусмотрены комнаты для проживания технического персонала или гостей команд. Второй этаж оборудован гостевыми ложами, из которых открывается наилучший вид на стартовую прямую и гоночную трассу. <br /><br /></p>\r\n<ul>\r\n<li>Длина &nbsp;&nbsp; &nbsp;3357м</li>\r\n<li>Ширина &nbsp;&nbsp; &nbsp;12-15м</li>\r\n<li>Повороты/левые/правые &nbsp;&nbsp; &nbsp;13/8/5</li>\r\n<li>Максимальная скорость (DTM) &nbsp;&nbsp; &nbsp;241км/ч</li>\r\n<li>Допустимое число автомобилей на трассе:</li>\r\n<ul>\r\n<li>класс Формула/Спортпрототипы &nbsp;&nbsp; &nbsp;30/32</li>\r\n<li>класс Туризм: до 2000 куб.см / до 1600 куб.см &nbsp;&nbsp; &nbsp;35/38</li>\r\n</ul>\r\n</ul>','info@smolenskring.ru','+7 (985) 725-00-70','54.987274,33.367914'),(7,'Кутузовский редут','motokutuzov.ru','Солнечногорский район','','','+7 (902) 283-03-69','55.93447,37.203644'),(8,'Мотоциклетная трасса «Мотор»','cttmotor.ucoz.ru','проспект 9 Января, 15а','','cttmotor@yandex.ru','+7 (812) 772-59-36','59.846698,30.451271'),(9,'MegaFon Tushino Ring','active-pro.ru','Волоколамское шоссе, 88','<p><strong>На данный момент трасса не функционирет</strong>. На территории идет строительство.</p>\r\n<p><strong>Спектр услуг мототрека:</strong></p>\r\n<ul>\r\n<li>трассы, площадки в аренду;</li>\r\n<li>подготовка площадки для проведения тест-драйва;</li>\r\n<li>консультации специалистов; организация развлекательной автоспортивной программы (гоночное такси, дрифт такси, показательные выступления гонщиков);</li>\r\n<li>планирование тест-драйва, разработка регламента и хронометража заездов на <strong>мототреке</strong>;</li>\r\n<li>аренда промотраков Mersedes, брендинг по желанию;</li>\r\n<li>аренда на время мероприятия шоу-трака (сцена) забрендированного &laquo;Мегафон&raquo;;</li>\r\n<li>аренда на время мероприятия шоу-трака (для пресс-конференций) забрендированного &laquo;Мегафон&raquo;;</li>\r\n<li>прокат техники команды для развлечения гостей (квадрациклы, карты, сигрвеи, багги и гоночные машины);</li>\r\n<li>организация детской площадки (развлечение, обучение правилам дорожного движения и навыкам вождения на картах и маленьких электромобилях);</li>\r\n</ul>','pr@active-pro.ru','+7 (926) 826-35-35','55.821128,37.438167'),(10,'Картодром «Фирсановка»','gbutalisman.ru/','микрорайон Фирсановка','<p>Картодром &laquo;Фирсановка&raquo; находится недалеко от Москвы, км 14 по Ленинградскому шосcе от МКАД. Протяженность его примерно 1230 метров, ширина варьирует от 8 до 12 метров. Трек представляет собой трассу с множеством поворотов (5 правых и 8 левых), короткими прямыми и приятными перепадами высот, отчего катание на нем становиться интереснее и это позволит лучше прочувствовать как машина себя ведёт в поворотах и перекладках.</p>\r\n<p>Также рядом с основным треком имеется небольшая внедорожная трасса протяженностью примерно 500 метров, поэтому на картодроме &laquo;Фирсановка&raquo; Вы сможете отточить свое умение в езде как на картингах, так и на всех видах мотоциклов.</p>\r\n<p>В непосредственной близости от трассы есть заправка, автосервис и мойка, а также в 2 минутах езды имеется супермаркет.</p>','mbutalisman@mail.ru','8-929-939-51-10','55.972672,37.253852'),(11,'Казань-Ринг','kazanring.ru','микрорайон Киндери','<p>Проект трека разработал известный архитектор гоночных трасс Герман Тильке. Вплоть до прошлого сезона года там проводились заезды любителей, дрифт-сессии и тест-драйвы. После реконструкции в 2010 году трасса получила новое название, &laquo;Казань-Ринг&raquo;, и приготовилась к проведению всероссийских и мировых чемпионатов. Трек \"Казань-Ринг\" находится на Казанской объездной дороге рядом с автодромом \"Высокая Гора\", на территории гостиничного комплекса \"Дубай\". К услугам гостей трассы &ndash; все удобства, начиная от гостевых домиков и ресторана до теннисного корта и других развлечений.</p>\r\n<ul>\r\n<li>Длина трассы: 3 450 м</li>\r\n<li>Самая длинная прямая: 832 м</li>\r\n<li>Перепад высот: 28-30 м</li>\r\n<li>Максимальная скорость: 230 км/ч</li>\r\n<li>Количество поворотов: 12</li>\r\n<li>Судейских постов: 15</li>\r\n<li>Расчетное время прохождения круга: 1 мин 14 сек</li>\r\n</ul>\r\n<p>На территории автодрома установлены боксы размером 7 х 18 м. Высота ворот со стороныпаддока &ndash; 4.2 м, со стороны питлейна &ndash; 2.8 м. Боксы не разделены перегородками.</p>','','+7 8-(843) 226-98-19','55.874753,49.272944'),(12,'Автодром СПб','autodromspb.ru','Московское шоссе, 177А','<p>Шоссейно-кольцевая трасса&nbsp; &laquo;Автодром Санкт-Петербург&raquo; с высокотехнологичным асфальтовым покрытием, спроектирована в соответствии с требованиями FIA (международной федерации автоспорта) к трассам категории 2 и требованиям РАФ к шоссейно-кольцевым гоночным трассам категории 1.<br /><br /><strong>Основные характеристики</strong></p>\r\n<ul>\r\n<li>Площадь автодрома, Га&nbsp;&nbsp; 26</li>\r\n<li>Паддок + парковка, кв.м.10000 + 10000</li>\r\n<li>Длина трассы, м</li>\r\n<ul>\r\n<li>configuration A 3019</li>\r\n<li>configuration B (short cut 1) 1820</li>\r\n<li>configuration C (short cut 2) 1260</li>\r\n</ul>\r\n<li>Направление движения по трассе против часовой стрелки</li>\r\n<li>Ширина трассы 12 м</li>\r\n<li>Ширина прямой старт - финиш 16 м</li>\r\n<li>Количество поворотов (левых+правых)</li>\r\n<ul>\r\n<li>configuration A 11 (7+4)</li>\r\n<li>configuration B (short cut 1) 7 (5+2)</li>\r\n<li>configuration C (short cut 2) 7 (4+3)</li>\r\n</ul>\r\n<li>Самый длинный прямой участок Т11 &ndash; Т1 900 м</li>\r\n<li>Максимальная скорость, км/ч - перед поворотом 1 (DTM) 260</li>\r\n<li>Продольный уклон трассы</li>\r\n<ul>\r\n<li>максимальный на подъеме 2,0%</li>\r\n<li>максимальный на спуске&nbsp; 2,0%</li>\r\n</ul>\r\n<li>Зоны безопасности (асфальтовые) 19500 кв.м.</li>\r\n</ul>','autodromspb@mail.ru','+7  (921)  570-09-50; +7  (911)  928-58-50','59.778244,30.452916'),(13,'Crimea Grand Prix','crimeagp.com','Сакский район','<p>Основная гоночная трасса: 4857 м.<br /><br />Боксы основной трассы с офисными помещениями:</p>\r\n<ul>\r\n<li>(2 этажа): 33 бокса, общей площадью 3007 м;</li>\r\n<li>VIP боксы: 9 шт. общей площадью 648 м;</li>\r\n<li>VIP лоджия: 18 шт. общей площадью 1820 м;</li>\r\n<li>Здания race контроля с президентской лоджией общей площадью 2040 м;</li>\r\n<li>Здание мед.центра: общая площадь 419 м;</li>\r\n<li>Здание хранения и обслуживания автомобилей картинга со смотровой площадкой: общая площадь 1600м?, высота 7м;</li>\r\n<li>Центральная трибуна на 5302 чел с 40 комментаторскими кабинами, барами и кафе;</li>\r\n<li>Дополнительные трибуны на 86 900 мест с возможностью расширения до 142 000 мест;</li>\r\n<li>Коммерческий центр для продажи автомототехники, запчастей, экипировки и тюнинга автомобилей и мотоциклов общей площадью 4100 м;</li>\r\n</ul>\r\n<p>Тоннель:</p>\r\n<ul>\r\n<li>автомобильный &ndash; протяженностью 73,5 м,</li>\r\n<li>пешеходный &ndash; 60м;</li>\r\n</ul>\r\n<p><br />Общая длина трека составляет 4857 м , в которую входят: 6 правых поворотов и 6 левых, расположенных по направлению движения часовой стрелки. <br />Ширина трассы составляет 13 метров, а в зоне &laquo;старт-финиш&raquo; - 15 метров.<br />Прямой скоростной участок - 900 м, который является самым длинным в Европе.<br />Оси гоночного трека - от 15 метров над уровнем моря, самая высокая точка &ndash;33 метра над уровнем моря.<br /><br />Комбинации быстрых поворотов и прямых линий, связанных с подъемом и спуском в вертикальном расположении, допускает скоростные пределы более 300 км/час. План трека позволит зрителям видеть всю гонку и насладиться захватывающими событиями на протяжении всего соревнования. Трек &laquo;Crimea Grand Prix&raquo; соответствует всем требованиям FIM, предъявляемым к MotoGP, а также гонкам Formula 3; спортивные машины, GT (Гранд туризм). Трек строится с такими защитными устройствами, как стальные гардрейлы и подъездные дороги с обеих сторон трека, а также зоной схода, выполненной в виде комбинации гравия и асфальта.<br /><br />Различные соединения трека между его единичными сегментами, так называемые short-cuts (кратчайший путь), позволят проводить гоночные мероприятия на нескольких небольших площадях, а также использовать трек в различных вариациях. Трек &laquo;Crimea Grand Prix&raquo; с помощью шорт-катов может быть разделен на два независимых варианта трека, или три различных варианта конфигурации трассы. Short-cut 2 дает возможность добавить крюк к основному GP треку, таким образом, увеличивая трассу еще на 100 метров.<br /><br />Зона паддока расположена позади пит&ndash;здания. Во время проведения национальных и международных гоночных мероприятий грузовые автомобили будут использовать данную зону для разгрузки своего технического оборудования.</p>','cart@crimeagp.com','+7 (978) 710-38-68; +38 (050) 074-25-44','45.256472,33.402843'),(14,'Картодром Альянс','alliancekarting.by','Московский район','','karting@alliancekarting.by','+375 (162) 95-93-29; (8-0162) 97-66-94','52.079502,23.814336'),(15,'Красное Кольцо','redring.ru','поселок Логовой','<p>Трек Красное Кольцо - это первая в России трасса, спроектированная построенная в соответствии с требованиями FIA (международная федерация автоспорта) и имеющая специальное высокотехнологичное покрытие.<br /><br />Основные параметры трека:</p>\r\n<ul>\r\n<li>Длина главного кольца &ndash; 2160 м.</li>\r\n<li>Ширина трассы от 12 до 16 метров.</li>\r\n<li>Длина участка для проведения гонок на максимальное ускорение - 850 метров.</li>\r\n<li>Основное направление движения по кольцевым трассам &ndash; против часовой стрелки.</li>\r\n</ul>\r\n<p><br />Особое внимание уделено вопросам безопасности. Конфигурация трека такова, что при сходе с асфальтового полотна в любом из поворотов вероятность переворота автомобиля минимальна. На самых сложных поворотах оборудованы ретардеры и песчаные ловушки.<br /><br />Режим использования трассы предусматривает в первую очередь любительские заезды на автомобилях любой степени подготовленности, естественно, при условии их технической исправности.<br /><br />Возможность выбора из трех вариантов колец трека разной сложности позволяет использовать трассу как для наработки первоначальных навыков у новичков, так и для оттачивания мастерства опытных гонщиков.<br /><br />В зависимости от кольца и квалификации участников заезда на трассе одновременно могут находиться от 10 до 20 машин.<br /><br />Трек предназначен для круглогодичной эксплуатации с использованием в холодное время зимней нешипованой резины.<br /><br />Уже осенью 2007 года на прилегающей к трассе территории предусмотрено оборудование спецтрассы для внедорожников и, возможно, сезонного ледового трека для заездов в зимнее время (в том числе и на специальной резине со спортивными шипами).<br /><br />Безопасность и порядок во время гоночных сессий обеспечивает руководитель заездов. В его компетенцию входят все решения касающиеся выхода автомобилей на старт и их пребывания на трассе. В случае неисправности автомобиля или неадекватности физиологического состояния водителя руководитель заездов наделен правом отстранять члена Клуба от участия в заезде. &nbsp;<br /><br />На треке постоянно дежурят сотрудники Клуба, обученные по программе эксперта-спасателя МЧС высокого класса и имеющие соответствующие сертификаты. &nbsp;<br /><br />Специальный автомобиль Клуба оборудован необходимыми техническими средствами для пожаротушения и оперативной эвакуации машин с трека в случае поломок или сходов.<br /><br />Замер и регистрация индивидуального времени в кольцевых заездах на каждом круге ведется с помощью сертифицированной электронной системы кольцевой отсечки. По окончании сессии распечатка результатов выдается водителю. Все результаты систематически заносятся в электронную базу данных драйв-клуба Красное кольцо.</p>','','+7 (391) 2-777-666','56.122395,92.738377'),(16,'Moscow Raceway','moscowraceway.ru','Волоколамский район','<ul>\r\n<li>Общая площадь &nbsp;&nbsp; &nbsp;263 Га</li>\r\n<li>Площадь асфальтированного паддока &nbsp;&nbsp; &nbsp;30.000 м2</li>\r\n<li>Длина трассы &nbsp;&nbsp; &nbsp;4.070 м</li>\r\n<li>Ширина &nbsp;&nbsp; &nbsp;12 м &ndash; 21 м</li>\r\n<li>Ширина прямой &laquo;старт-финиш&raquo; &nbsp;&nbsp; &nbsp;15 м</li>\r\n<li>Повороты &nbsp;&nbsp; &nbsp;15</li>\r\n<li>Левые &nbsp;&nbsp; &nbsp;9</li>\r\n<li>Правые &nbsp;&nbsp; &nbsp;6</li>\r\n<li>Перепад высот &nbsp;&nbsp; &nbsp;22 м</li>\r\n<li>Максимальный подъем &nbsp;&nbsp; &nbsp;4,0%</li>\r\n<li>Максимальный спуск &nbsp;&nbsp; &nbsp;4,5%</li>\r\n<li>Конфигурации трассы &nbsp;&nbsp; &nbsp;</li>\r\n<li>Срезки &nbsp;&nbsp; &nbsp;5</li>\r\n<li>Варианты трассы &nbsp;&nbsp; &nbsp;17</li>\r\n</ul>\r\n<p><strong>Скоростные характеристики</strong></p>\r\n<ul>\r\n<li>Формула &ndash; 1</li>\r\n<ul>\r\n<li>Максимальная скорость &nbsp;&nbsp; &nbsp;311 км/ч</li>\r\n<li>Средняя скорость &nbsp;&nbsp; &nbsp;185 км/ч</li>\r\n<li>Время круга &nbsp;&nbsp; &nbsp;1:16.000</li>\r\n</ul>\r\n<li>ДТМ</li>\r\n<ul>\r\n<li>Максимальная скорость &nbsp;&nbsp; &nbsp;260 км/ч</li>\r\n<li>Средняя скорость &nbsp;&nbsp; &nbsp;147 км/ч</li>\r\n<li>Время круга &nbsp;&nbsp; &nbsp;1:35.500</li>\r\n</ul>\r\n</ul>','pr@moscowraceway.com','+7 (495) 775-38-37','55.996658,36.266837'),(17,'Курьяново','','Проектируемый пр. №4386, 1','<p>Трасса находиться по адресу Москва, Проектируемый пр. №4386, 1. Если ехать со стороны Марьино, то по ул. Илловайская в сторону тоннеля, далее на ж/д переезде налево. После см. карту и схему проезд между складов на берег. Для ориентира на другом берегу МИФИ. &nbsp;Трасса повыбита местами. Приемники на больших столах с колеями. Не скоростная. Парочка прямиков есть, но довольно короткие и выбитые. Общая длина на минуту пятьдесят по времени. Подьезд хороший, до самой трассы асфальтовая дорога. Есть песчаный участок для тренировки, но трасса по нему не проходит.</p>','','неизвестно','55.651754,37.681196'),(18,'СТК Приморское Кольцо','primring.ru','федеральная трасса М60 Уссури','<p><strong>Приморское кольцо</strong></p>\r\n<ul>\r\n<li>Длина трассы: 3613 метров</li>\r\n<li>Ширина трассы: 12 метров, 15 метров (на старте/финише)</li>\r\n<li>Направление движения: против часовой стрелки</li>\r\n<li>Повороты: 14 (5 правых, 9 левых)</li>\r\n<li>Максимальная прямая: 534 метра (старт/финиш)</li>\r\n<li>площадь под паддок: 23.000 м<sup>2</sup></li>\r\n</ul>\r\n<p><strong>Pit Building</strong></p>\r\n<ul>\r\n<li>30 боксов</li>\r\n<li>гостевая терраса над боксами (VIP)</li>\r\n<li>Здание администрации соревнований</li>\r\n<li>комната инструктажа гонщиков</li>\r\n<li>подиум победителя</li>\r\n<li>Ресторан на 200 персон</li>\r\n<li>Медиа-центр на 100 журналистов</li>\r\n<li>Медпункт</li>\r\n<li>Офис распорядителей</li>\r\n<li>Лестницы к пешеходному мосту на трибуны</li>\r\n</ul>\r\n<p><strong>Главная трибуна, два крыла</strong></p>\r\n<ul>\r\n<li>6400 зрителей, 3200 на каждом крыле</li>\r\n<li>Проход на верхний уровень, вход с пешеходного моста</li>\r\n<li>Первый этаж - комнаты отдыха, кафе, торговые павильоны</li>\r\n<li>Возможное расширение</li>\r\n</ul>\r\n<p><strong>Места для зрителей</strong></p>\r\n<ul>\r\n<li>Временные места для зрителей гонок на 20 000 человек</li>\r\n<li>Временные/постоянные места для зрителей спидвея на 10 000 человек</li>\r\n<li>Временные места для зрителей драга на 4 000 человек</li>\r\n<li>Естественные места около трассы, где только возможно</li>\r\n</ul>\r\n<p><strong>Welcome-центр</strong></p>\r\n<ul>\r\n<li>Первый этаж</li>\r\n<ul>\r\n<li>фан-центр, выставки, кассы</li>\r\n<li>картинг-клуб</li>\r\n</ul>\r\n<li>Второй этаж</li>\r\n<ul>\r\n<li>администрация</li>\r\n<li>мото-клуб, бистро для спортсменов и посетителей</li>\r\n</ul>\r\n</ul>','primring@sumotori.ru','+7 (423) 2-600-777','43.358805,132.085115'),(19,'Трасса-Горки','pitbikerussia.ru','Ленинский район, деревня Горки','<ul>\r\n<li>Тренировки</li>\r\n<li>Соревнования</li>\r\n<li>Обучение</li>\r\n<li>Прокат (совсем скоро)</li>\r\n<li>Хранение питбайка- Ремонт</li>\r\n</ul>\r\n<p>Все это вы можете найти у нас на трассе!</p>\r\n<p><strong>День катания на трассе стоит 300 руб.</strong> Это симвалическая плата за содержание трассы!</p>\r\n<p>Ждем всех у нас на трассе!</p>\r\n<p><strong>Как проехать Своим ходом</strong></p>\r\n<p>Кто без машины от Метро Домодедовская &nbsp;Автобус 466 или&nbsp;Маршрутки 466, до Деревни Горки (Попросите остановить напротив заправки ТРАССА). Заправка будет слева от вас, а напротив нее первый поворот перед деревней направо и вам именно туда. Повернув направо и пройдя 200 метров, увидите слева шлагбаум, там находится наш мото-клуб PitbikeRussia. К самой трассе нужно пройти еще метров 50 и справа на полянке вы увидите ее!</p>','info@pitbikerussia.ru','+7 (926) 218-55-16','55.512422,37.750236'),(21,'Трасса-Дмитров','','Ново-Рогачевская улица, 45 (рядом)','','','неизвестны','56.362321,37.493655'),(22,'X-Arena','','Пушкинский район','','','неизвестны','56.104471,37.756444'),(23,'Трасса-Осташково','','Мытищинский район','','','неизвестны','55.997658,37.634372'),(24,'Трасса-Подольск','','Платформа силикатная','','','неизвестны','55.471315,37.55299'),(25,'Трасса-Обушково','','Истринский район, Беляна','','','неизвестны','55.789483,37.063595'),(26,'Трасса-Новоивановское','','Одинцовский район, поселок Новоивановское, Минское шоссе, ТЦ Три Кита (рядом)','','','неизвестны','55.706473,37.355344'),(27,'Трасса-Каракашево','','Московская область, Ленинский район, Каракашево','','','неизвестны','55.527157,37.47179'),(28,'Трасса-Верхнее-Мячково','','Раменский район, с. Верхнее Мячково','','','неизвестны','55.568353,37.95649'),(29,'Трасса-Торпедо','','Октябрьский просп., 202','','','+7 (495) 554-20-46','55.675252,37.899743'),(30,'Трасса-Поповка','','Раменский район, деревня Поповка','','','неизвестны','55.579827,38.287402'),(31,'Трасса-Кашира','','Каширский район, Каширский проспект','','','неизвестны','54.835513,38.182828'),(32,'Парк-Дракино','','парк Дракино','','','неизвестны','54.871885,37.278806'),(33,'Трасса-Раменки','','ул. Лобачевского, 114','','','неизвестны','55.692058,37.480641'),(34,'Трасса-Мостовик','','Сергиево-Посадский район, поселок Мостовик','','','неизвестны','56.304279,37.947463'),(35,'Трасса-Бородино','','Мытищинский район, деревня Бородино','','','неизвестны','55.914824,37.661054'),(36,'Трасса-Бурцево','','деревня Бурцево','','','неизвестны','55.95048,37.389092'),(37,'Трасса-Петрово-дальнее','','Красногорский район, с. Петрово-дальнее','','','неизвестны','55.755433,37.18165'),(38,'Трасса-Снегири','','Истринский район, деревня Зеленково','','','неизвестны','55.832389,37.075681'),(39,'Трасса-Звенигород','','Московская улица, 47','','','неизвестны','55.731203,36.873291'),(40,'Vnukovo','vnukovomx.ru','Ленинский район, деревня Внуково','','info@vnukovomx.ru','+7 (495) 436-88-99','55.604555,37.317652'),(41,'Парк-Павловское','','городской округ Домодедово, деревня Павловское','','','неизвестны','55.489434,37.705703'),(42,'Трасса-МК-Форсаж','mcforsage.ru','Лыткаринское шоссе','','raafenkraai@gmail.com','8-916-621-37-16; 8-925-506-72-19','55.5684,37.95654'),(43,'Трасса-Софьино','','Раменский район, д. Софьино','','','неизвестны','55.492001,38.184088'),(44,'Трасса-Кременки','','поселок Кременки','','','неизвестны','54.877474,37.137447'),(45,'Трасса-Крылатское','','Крылатская улица , д. 8, корп. 1','','','неизвестны','55.758772,37.434118'),(48,'Трасса-Понизовка','','Пензенский район, д. Понизовка','','','неизвестны','53.081377,44.775563'),(49,'Трасса-Зорино','','Осташковский район, поселок Зорино','','','неизвестны','57.167775,33.20782'),(50,'Трасса-Калач-на-дону','','Северо-восток, Трасса М-21','','','неизвестны','48.708356,43.550696'),(51,'Трасса-Орленок','','Туапсинский район','','','неизвестны','44.264198,38.819011'),(52,'СТК-Юниор','','Полюстровский пр., 73А','','','+7 (905) 208-12-29','59.979996,30.369514'),(53,'Вертолетный-аэродром','','Внешняя сторона КАД, Вертолетный аэродром','','','+7 (911) 276-69-60','59.829241,30.255598'),(54,'Батарейная гора','','Московский пр. 1','','','+7 (921) 989-83-55','60.703412,28.745657'),(55,'Трасса-Кировск','','Магистральная улица ,48','','','неизвестны','59.897881,30.999835'),(56,'Трасса-Сосновый-Бор','','дорога на Сосновый Бор','','','+7 (921) 445-03-26','59.811275,28.999952'),(57,'Карьер-Разметелево','','Всеволожский район, деревня Разметелево, Карьер Разметелево','','Balticraid@yandex.ru','+7 (911) 911-95-45','59.900767,30.689223'),(58,'Трасса-Морозова','','Кировский район, посёлок имени Морозова , станция 21 км','','','+7 (911) 952-61-97','59.967104,31.023814'),(59,'Трасса-Кириши','','Плавницкий бульвар, д. 60 (рядом)','','murad-ekstrim@yandex.ru','+7 (921) 752-05-31','59.43626,31.995486'),(60,'Трасса-Луга','','берег реки Луга','','','+7 (921) 975-93-10','58.74843,29.878632'),(61,'Трасса-Сиголово','','Тосненский район, деревня Сиголово','','','неизвестны','59.617307,31.190721'),(62,'Трасса-Токкари-1','','Всеволожский район, деревня Токкари, Счастливая улица, 17','','','неизвестны','59.949945,30.651178'),(63,'Трасса-Токкари-2','','Всеволожский район, деревня Токкари, Счастливая улица, 17 (рядом)','','','неизвестны','59.957113,30.632338'),(64,'Трасса-Валдай','','север города, на берегу озера Валдайское','','','+7 (911) 606-57-01; +7 (921) 192-99-44','57.9996,33.259483'),(65,'Бобровская-гора','','Бобровская гора','','','+7 (921) 201-37-71; +7 (921) 201-37-66','58.375519,33.92272'),(66,'Красные Крылья','redwings-rest.ru','Серпуховский район, д. Васильевское','','krasnye-krylja@mail.ru','+7 (4967) 70-42-23; +7 (4967) 70-41-96; +7 (965) 161-06-01','55.00671,37.409748'),(67,'Трасса-Скопин','','Скопинский район, поселок Ивановка','<p>Трасса для мотокросса. 250 км от МКАД по каширскому ш., повторот на Скопин, 9 км до Скопина, проезжаем через весь город, на выезде из города есть указатель \"мототрасса\". До трассы около 2 км.</p>','','неизвестны','53.79224,39.58721');
/*!40000 ALTER TABLE `moto_track_old` ENABLE KEYS */;
UNLOCK TABLES;

--
-- Table structure for table `moto_track_propertys_old`
--

DROP TABLE IF EXISTS `moto_track_propertys_old`;
/*!40101 SET @saved_cs_client     = @@character_set_client */;
/*!40101 SET character_set_client = utf8 */;
CREATE TABLE `moto_track_propertys_old` (
  `mtt_id` int(11) unsigned NOT NULL,
  `country_id` int(11) unsigned NOT NULL COMMENT 'id страны',
  `r_id` int(11) unsigned NOT NULL COMMENT 'id региона',
  `c_id` int(11) unsigned NOT NULL COMMENT 'id города',
  `mtt_asphalt` tinyint(1) unsigned NOT NULL DEFAULT '0' COMMENT 'покрытие асфальт',
  `mtt_ground` tinyint(1) unsigned NOT NULL DEFAULT '0' COMMENT 'покрытие грунт',
  UNIQUE KEY `mttid_location` (`mtt_id`,`country_id`,`r_id`,`c_id`),
  KEY `location_asphalt_ground` (`country_id`,`r_id`,`c_id`,`mtt_asphalt`,`mtt_ground`),
  KEY `location_ground` (`country_id`,`r_id`,`c_id`,`mtt_ground`),
  KEY `region_asphalt_ground` (`r_id`,`mtt_asphalt`,`mtt_ground`),
  KEY `region_ground` (`r_id`,`mtt_ground`),
  CONSTRAINT `moto_track_propertys_old_ibfk_1` FOREIGN KEY (`mtt_id`) REFERENCES `moto_track_old` (`mtt_id`) ON DELETE CASCADE ON UPDATE CASCADE
) ENGINE=InnoDB DEFAULT CHARSET=utf8;
/*!40101 SET character_set_client = @saved_cs_client */;

--
-- Dumping data for table `moto_track_propertys_old`
--

LOCK TABLES `moto_track_propertys_old` WRITE;
/*!40000 ALTER TABLE `moto_track_propertys_old` DISABLE KEYS */;
INSERT INTO `moto_track_propertys_old` VALUES (14,4,1,320,1,0),(13,31,7,504,1,0),(50,31,39,60144,0,1),(51,31,54,60146,0,1),(15,31,55,63,1,0),(43,31,60,127,0,0),(7,31,60,508,0,1),(17,31,60,113,0,1),(19,31,60,113,0,1),(21,31,60,85,0,1),(22,31,60,59938,0,1),(23,31,60,59940,0,1),(24,31,60,123,0,1),(25,31,60,59944,0,1),(26,31,60,113,0,1),(27,31,60,113,0,1),(28,31,60,127,0,1),(29,31,60,111,0,1),(30,31,60,127,0,1),(31,31,60,96,0,1),(32,31,60,124,0,1),(33,31,60,113,0,1),(34,31,60,131,0,1),(35,31,60,115,0,1),(36,31,60,139,0,1),(37,31,60,103,0,1),(38,31,60,83,0,1),(39,31,60,93,0,1),(40,31,60,113,0,1),(41,31,60,87,0,1),(42,31,60,110,0,1),(44,31,60,124,0,1),(45,31,60,113,0,1),(66,31,60,132,0,1),(1,31,60,123,1,0),(2,31,60,127,1,0),(4,31,60,505,1,0),(16,31,60,39756,1,0),(9,31,60,113,1,1),(10,31,60,8169,1,1),(5,31,63,160,1,0),(64,31,64,163,0,1),(65,31,64,60193,0,1),(48,31,69,178,0,1),(18,31,71,182,1,0),(11,31,86,219,1,0),(67,31,90,60201,0,1),(3,31,92,253,0,1),(52,31,92,253,0,1),(53,31,92,253,0,1),(54,31,92,239,0,1),(55,31,92,245,0,1),(56,31,92,257,0,1),(57,31,92,253,0,1),(58,31,92,245,0,1),(59,31,92,244,0,1),(60,31,92,248,0,1),(61,31,92,60180,0,1),(62,31,92,238,0,1),(63,31,92,238,0,1),(12,31,92,253,1,0),(8,31,92,253,1,1),(6,31,96,506,1,0),(49,31,99,60142,0,1);
/*!40000 ALTER TABLE `moto_track_propertys_old` ENABLE KEYS */;
UNLOCK TABLES;

--
-- Table structure for table `roles`
--

DROP TABLE IF EXISTS `roles`;
/*!40101 SET @saved_cs_client     = @@character_set_client */;
/*!40101 SET character_set_client = utf8 */;
CREATE TABLE `roles` (
  `rl_id` smallint(5) unsigned NOT NULL AUTO_INCREMENT,
  `rl_pid` smallint(5) unsigned NOT NULL DEFAULT '0',
  `rl_path` varchar(255) NOT NULL,
  `rl_name` varchar(100) NOT NULL,
  `rl_desc` text NOT NULL,
  `rl_level` tinyint(3) unsigned NOT NULL,
  `rl_lk` smallint(5) unsigned NOT NULL,
  `rl_rk` smallint(5) unsigned NOT NULL,
  PRIMARY KEY (`rl_id`),
  UNIQUE KEY `path` (`rl_path`),
  KEY `lrk_level` (`rl_lk`,`rl_rk`,`rl_level`)
) ENGINE=InnoDB AUTO_INCREMENT=2 DEFAULT CHARSET=utf8 COMMENT='храним информацию о ролях проекта';
/*!40101 SET character_set_client = @saved_cs_client */;

--
-- Dumping data for table `roles`
--

LOCK TABLES `roles` WRITE;
/*!40000 ALTER TABLE `roles` DISABLE KEYS */;
INSERT INTO `roles` VALUES (1,0,'root','Супер Администратор','Супер Администратор',1,1,2);
/*!40000 ALTER TABLE `roles` ENABLE KEYS */;
UNLOCK TABLES;

--
-- Table structure for table `roles_routers_methods`
--

DROP TABLE IF EXISTS `roles_routers_methods`;
/*!40101 SET @saved_cs_client     = @@character_set_client */;
/*!40101 SET character_set_client = utf8 */;
CREATE TABLE `roles_routers_methods` (
  `rl_id` smallint(5) unsigned NOT NULL,
  `rvsm_id` smallint(5) unsigned NOT NULL,
  PRIMARY KEY (`rl_id`,`rvsm_id`)
) ENGINE=InnoDB DEFAULT CHARSET=utf8;
/*!40101 SET character_set_client = @saved_cs_client */;

--
-- Dumping data for table `roles_routers_methods`
--

LOCK TABLES `roles_routers_methods` WRITE;
/*!40000 ALTER TABLE `roles_routers_methods` DISABLE KEYS */;
/*!40000 ALTER TABLE `roles_routers_methods` ENABLE KEYS */;
UNLOCK TABLES;

--
-- Table structure for table `router_methods`
--

DROP TABLE IF EXISTS `router_methods`;
/*!40101 SET @saved_cs_client     = @@character_set_client */;
/*!40101 SET character_set_client = utf8 */;
CREATE TABLE `router_methods` (
  `rm_id` smallint(5) unsigned NOT NULL AUTO_INCREMENT,
  `rm_method` varchar(33) NOT NULL,
  PRIMARY KEY (`rm_id`),
  UNIQUE KEY `method` (`rm_method`)
) ENGINE=InnoDB AUTO_INCREMENT=5 DEFAULT CHARSET=utf8;
/*!40101 SET character_set_client = @saved_cs_client */;

--
-- Dumping data for table `router_methods`
--

LOCK TABLES `router_methods` WRITE;
/*!40000 ALTER TABLE `router_methods` DISABLE KEYS */;
INSERT INTO `router_methods` VALUES (2,'add'),(3,'delete'),(4,'update'),(1,'view');
/*!40000 ALTER TABLE `router_methods` ENABLE KEYS */;
UNLOCK TABLES;

--
-- Table structure for table `routers_vs_methods`
--

DROP TABLE IF EXISTS `routers_vs_methods`;
/*!40101 SET @saved_cs_client     = @@character_set_client */;
/*!40101 SET character_set_client = utf8 */;
CREATE TABLE `routers_vs_methods` (
  `rvsm_id` smallint(5) unsigned NOT NULL AUTO_INCREMENT,
  `c_id` smallint(5) unsigned NOT NULL,
  `rm_id` smallint(5) unsigned NOT NULL,
  PRIMARY KEY (`rvsm_id`),
  UNIQUE KEY `c_rm_id` (`c_id`,`rm_id`)
) ENGINE=InnoDB AUTO_INCREMENT=17 DEFAULT CHARSET=utf8;
/*!40101 SET character_set_client = @saved_cs_client */;

--
-- Dumping data for table `routers_vs_methods`
--

LOCK TABLES `routers_vs_methods` WRITE;
/*!40000 ALTER TABLE `routers_vs_methods` DISABLE KEYS */;
INSERT INTO `routers_vs_methods` VALUES (13,1,1),(14,1,2),(15,1,3),(16,1,4);
/*!40000 ALTER TABLE `routers_vs_methods` ENABLE KEYS */;
UNLOCK TABLES;

--
-- Table structure for table `user_change_request`
--

DROP TABLE IF EXISTS `user_change_request`;
/*!40101 SET @saved_cs_client     = @@character_set_client */;
/*!40101 SET character_set_client = utf8 */;
CREATE TABLE `user_change_request` (
  `u_id` int(11) unsigned NOT NULL,
  `u_req_type` varchar(100) NOT NULL,
  `u_req_key` varchar(255) NOT NULL,
  `u_req_end_ts` int(10) unsigned NOT NULL DEFAULT '0',
  `u_req_data` varchar(255) NOT NULL,
  PRIMARY KEY (`u_id`,`u_req_type`),
  KEY `end_ts` (`u_req_end_ts`)
) ENGINE=InnoDB DEFAULT CHARSET=utf8;
/*!40101 SET character_set_client = @saved_cs_client */;

--
-- Dumping data for table `user_change_request`
--

LOCK TABLES `user_change_request` WRITE;
/*!40000 ALTER TABLE `user_change_request` DISABLE KEYS */;
/*!40000 ALTER TABLE `user_change_request` ENABLE KEYS */;
UNLOCK TABLES;

--
-- Table structure for table `users`
--

DROP TABLE IF EXISTS `users`;
/*!40101 SET @saved_cs_client     = @@character_set_client */;
/*!40101 SET character_set_client = utf8 */;
CREATE TABLE `users` (
  `u_id` int(11) unsigned NOT NULL AUTO_INCREMENT,
  `u_mail` varchar(255) NOT NULL,
  `u_salt` varchar(29) NOT NULL,
  `u_pass` varchar(60) NOT NULL,
  `u_date_reg` int(10) unsigned NOT NULL DEFAULT '0',
  `u_date_visit` int(10) unsigned NOT NULL DEFAULT '0',
  `u_login` varchar(20) NOT NULL,
  `u_reg` tinyint(1) unsigned NOT NULL DEFAULT '0',
  PRIMARY KEY (`u_id`),
  UNIQUE KEY `mail` (`u_mail`),
  KEY `login` (`u_login`)
) ENGINE=InnoDB AUTO_INCREMENT=12 DEFAULT CHARSET=utf8;
/*!40101 SET character_set_client = @saved_cs_client */;

--
-- Dumping data for table `users`
--

LOCK TABLES `users` WRITE;
/*!40000 ALTER TABLE `users` DISABLE KEYS */;
INSERT INTO `users` VALUES (1,'roalexey@yandex.ru','$2a$12$NEx59eykcG03xtnYWl1uhO','$2a$12$NEx59eykcG03xtnYWl1uhOH93DYoU.bkctUsu.9lJdcqq.B2zS.pO',1447968485,1472491391,'MotoCommunity',1),(11,'roalexey@mail.ru','$2a$12$PZliEpGWINxfr793DZUzXO','$2a$12$PZliEpGWINxfr793DZUzXOGSq0yD2rjH42aOpJTpx2ClxH1QLsb3q',1469570133,1472151796,'RoLex',1);
/*!40000 ALTER TABLE `users` ENABLE KEYS */;
UNLOCK TABLES;

--
-- Table structure for table `users_data`
--

DROP TABLE IF EXISTS `users_data`;
/*!40101 SET @saved_cs_client     = @@character_set_client */;
/*!40101 SET character_set_client = utf8 */;
CREATE TABLE `users_data` (
  `u_id` int(11) unsigned NOT NULL,
  `u_name` varchar(128) NOT NULL,
  `u_surname` varchar(128) NOT NULL,
  `u_sex` tinyint(1) unsigned NOT NULL DEFAULT '2',
  `u_birthday` int(10) unsigned NOT NULL DEFAULT '0',
  `u_location_id` int(10) unsigned NOT NULL DEFAULT '0',
  `u_latitude` decimal(10,8) DEFAULT NULL,
  `u_longitude` decimal(11,8) DEFAULT NULL,
  PRIMARY KEY (`u_id`),
  KEY `u_nsn` (`u_name`,`u_surname`)
) ENGINE=InnoDB DEFAULT CHARSET=utf8;
/*!40101 SET character_set_client = @saved_cs_client */;

--
-- Dumping data for table `users_data`
--

LOCK TABLES `users_data` WRITE;
/*!40000 ALTER TABLE `users_data` DISABLE KEYS */;
INSERT INTO `users_data` VALUES (1,'Алексей','Романов',1,359409600,13,55.41466598,37.90089732),(11,'','',2,0,2,55.75396000,37.62039300);
/*!40000 ALTER TABLE `users_data` ENABLE KEYS */;
UNLOCK TABLES;

--
-- Table structure for table `users_vs_roles`
--

DROP TABLE IF EXISTS `users_vs_roles`;
/*!40101 SET @saved_cs_client     = @@character_set_client */;
/*!40101 SET character_set_client = utf8 */;
CREATE TABLE `users_vs_roles` (
  `u_id` int(11) unsigned NOT NULL,
  `rl_id` smallint(5) unsigned NOT NULL,
  PRIMARY KEY (`u_id`,`rl_id`)
) ENGINE=InnoDB DEFAULT CHARSET=utf8;
/*!40101 SET character_set_client = @saved_cs_client */;

--
-- Dumping data for table `users_vs_roles`
--

LOCK TABLES `users_vs_roles` WRITE;
/*!40000 ALTER TABLE `users_vs_roles` DISABLE KEYS */;
/*!40000 ALTER TABLE `users_vs_roles` ENABLE KEYS */;
UNLOCK TABLES;

--
-- Dumping events for database 'mcjs'
--

--
-- Dumping routines for database 'mcjs'
--
/*!50003 DROP PROCEDURE IF EXISTS `album_image_delete` */;
/*!50003 SET @saved_cs_client      = @@character_set_client */ ;
/*!50003 SET @saved_cs_results     = @@character_set_results */ ;
/*!50003 SET @saved_col_connection = @@collation_connection */ ;
/*!50003 SET character_set_client  = utf8 */ ;
/*!50003 SET character_set_results = utf8 */ ;
/*!50003 SET collation_connection  = utf8_general_ci */ ;
/*!50003 SET @saved_sql_mode       = @@sql_mode */ ;
/*!50003 SET sql_mode              = 'NO_AUTO_CREATE_USER,NO_ENGINE_SUBSTITUTION' */ ;
DELIMITER ;;
CREATE DEFINER=`mc`@`%` PROCEDURE `album_image_delete`(IN inUid INT(11), IN inAid INT, IN inAiId INT, OUT res INT)
BEGIN
	
    DECLARE done,aipos, ai_last, ai_cnt, ts INT DEFAULT 0;
	DECLARE EXIT HANDLER FOR SQLWARNING ROLLBACK;
    DECLARE CONTINUE HANDLER FOR SQLSTATE '02000' SET done=1;
    
    START TRANSACTION;
    
    SET res=0;
    SET done=0;
    
    SELECT ai_pos INTO aipos 
    FROM `album_image`
    WHERE ai_id = inAiId;
    
    #SELECT done, aipos;
    
    IF done = 0 THEN
		
        SET ts = UNIX_TIMESTAMP();
        
		DELETE FROM `album_image`
		WHERE ai_id = inAiId AND a_id = inAid AND u_id = inUid;
        
        CALL album_image_reorder(inUid, inAid);
        
        /*
		UPDATE `album_image`
		SET ai_pos = IF(ai_pos-1 <= 0, 0, ai_pos-1)
		WHERE a_id = inAid AND u_id = inUid
		AND ai_pos > aipos;
        */
		
        SELECT COUNT(ai_id) AS cnt INTO ai_cnt
        FROM `album_image`
		WHERE a_id = inAid AND u_id = inUid;
        
		UPDATE `album` SET 
        a_img_cnt = ai_cnt, 
        a_update_ts = ts
		WHERE a_id = inAid AND u_id = inUid;
        
		SET res=1;
    
		COMMIT;
    END IF;
END ;;
DELIMITER ;
/*!50003 SET sql_mode              = @saved_sql_mode */ ;
/*!50003 SET character_set_client  = @saved_cs_client */ ;
/*!50003 SET character_set_results = @saved_cs_results */ ;
/*!50003 SET collation_connection  = @saved_col_connection */ ;
/*!50003 DROP PROCEDURE IF EXISTS `album_image_reorder` */;
/*!50003 SET @saved_cs_client      = @@character_set_client */ ;
/*!50003 SET @saved_cs_results     = @@character_set_results */ ;
/*!50003 SET @saved_col_connection = @@collation_connection */ ;
/*!50003 SET character_set_client  = utf8 */ ;
/*!50003 SET character_set_results = utf8 */ ;
/*!50003 SET collation_connection  = utf8_general_ci */ ;
/*!50003 SET @saved_sql_mode       = @@sql_mode */ ;
/*!50003 SET sql_mode              = 'NO_AUTO_CREATE_USER,NO_ENGINE_SUBSTITUTION' */ ;
DELIMITER ;;
CREATE DEFINER=`mc`@`%` PROCEDURE `album_image_reorder`(IN inUid INT(11), IN inAid INT)
BEGIN
	
	DECLARE done, res, pos, aiId INT DEFAULT 0;
    
    /*Объявление курсора*/
	DECLARE getImageIds CURSOR FOR 
    SELECT ai_id
    FROM `album_image` 
    WHERE a_id = inAid AND u_id = inUid
    ORDER BY ai_pos, ai_update_ts DESC, ai_id DESC;
    
	DECLARE EXIT HANDLER FOR SQLWARNING ROLLBACK;
    DECLARE CONTINUE HANDLER FOR SQLSTATE '02000' SET done=1;
    
    SET done=0;
    SET pos=0;
    
    START TRANSACTION;
		/* открытие курсора */
		OPEN getImageIds;
		/*извлекаем данные */
		REPEAT
        FETCH getImageIds INTO aiId;
			#делаем нужные нам действия 
			IF NOT done THEN     
			  UPDATE `album_image` SET 
			  ai_pos = pos
			  WHERE ai_id = aiId;
			  
			  SET pos = pos + 1;
			END IF;
		UNTIL done END REPEAT;
		
		/*закрытие курсора */
		CLOSE getImageIds;
        
        SET done = 0;
        
        SELECT ai_pos INTO pos
        FROM `album_image`
        WHERE a_id = inAid AND u_id = inUid
		ORDER BY ai_pos, ai_update_ts DESC, ai_id DESC
        LIMIT 1;
        
        IF NOT done AND pos = 1 THEN
			UPDATE `album_image` SET 
			ai_pos = ai_pos-1
			WHERE a_id = inAid AND u_id = inUid;
        END IF;
        
    COMMIT;
END ;;
DELIMITER ;
/*!50003 SET sql_mode              = @saved_sql_mode */ ;
/*!50003 SET character_set_client  = @saved_cs_client */ ;
/*!50003 SET character_set_results = @saved_cs_results */ ;
/*!50003 SET collation_connection  = @saved_col_connection */ ;
/*!50003 DROP PROCEDURE IF EXISTS `album_image_update` */;
/*!50003 SET @saved_cs_client      = @@character_set_client */ ;
/*!50003 SET @saved_cs_results     = @@character_set_results */ ;
/*!50003 SET @saved_col_connection = @@collation_connection */ ;
/*!50003 SET character_set_client  = utf8 */ ;
/*!50003 SET character_set_results = utf8 */ ;
/*!50003 SET collation_connection  = utf8_general_ci */ ;
/*!50003 SET @saved_sql_mode       = @@sql_mode */ ;
/*!50003 SET sql_mode              = 'NO_AUTO_CREATE_USER,NO_ENGINE_SUBSTITUTION' */ ;
DELIMITER ;;
CREATE DEFINER=`mc`@`%` PROCEDURE `album_image_update`(IN inUid INT(11), IN inAid INT, IN inAiId INT, IN inAiLatitude DECIMAL(10,8), IN inAiLongitude DECIMAL(11,8), IN inAiText VARCHAR(255), IN inAiDir  VARCHAR(255), IN inAiName VARCHAR(255), IN inAiProfile TINYINT(1), IN inPosUpd TINYINT(1))
BEGIN
	
	DECLARE done, res, ai_cnt, ts INT DEFAULT 0;
	DECLARE EXIT HANDLER FOR SQLWARNING ROLLBACK;
    DECLARE CONTINUE HANDLER FOR SQLSTATE '02000' SET done=1;
    SET done=0;
    
    START TRANSACTION;
    
		SET ts = UNIX_TIMESTAMP();
        
		UPDATE `album_image` SET
			ai_pos = IF(inPosUpd = 1, 0, ai_pos),
			ai_update_ts = ts,
			ai_latitude = inAiLatitude,
			ai_longitude = inAiLongitude,
			ai_text = inAiText,
			ai_dir = IF(inAiDir != "", inAiDir, ai_dir),
			ai_name = inAiName,
            ai_profile= inAiProfile
		WHERE ai_id = inAiId AND a_id = inAid AND u_id = inUid;
        
        IF inAiProfile = 1 THEN
			UPDATE `album_image` SET
				ai_profile= 0
			WHERE ai_id != inAiId AND a_id = inAid AND u_id = inUid;
        END IF;
        
        IF inPosUpd = 1 AND done = 0 THEN
			
            SELECT COUNT(ai_id) AS cnt INTO ai_cnt
			FROM `album_image`
			WHERE a_id = inAid AND u_id = inUid;
			
			UPDATE `album` SET 
			a_img_cnt = ai_cnt, 
			a_update_ts = ts
			WHERE a_id = inAid AND u_id = inUid;
            
            CALL album_image_reorder(inUid, inAid);
            
            /*
            UPDATE `album_image` SET 
            ai_pos = ai_pos+1
            WHERE ai_id != inAiId AND a_id = inAid AND u_id = inUid;
            */
            
        END IF;
        
    COMMIT;
END ;;
DELIMITER ;
/*!50003 SET sql_mode              = @saved_sql_mode */ ;
/*!50003 SET character_set_client  = @saved_cs_client */ ;
/*!50003 SET character_set_results = @saved_cs_results */ ;
/*!50003 SET collation_connection  = @saved_col_connection */ ;
/*!50003 DROP PROCEDURE IF EXISTS `controller_after` */;
/*!50003 SET @saved_cs_client      = @@character_set_client */ ;
/*!50003 SET @saved_cs_results     = @@character_set_results */ ;
/*!50003 SET @saved_col_connection = @@collation_connection */ ;
/*!50003 SET character_set_client  = utf8 */ ;
/*!50003 SET character_set_results = utf8 */ ;
/*!50003 SET collation_connection  = utf8_general_ci */ ;
/*!50003 SET @saved_sql_mode       = @@sql_mode */ ;
/*!50003 SET sql_mode              = 'NO_AUTO_VALUE_ON_ZERO' */ ;
DELIMITER ;;
CREATE DEFINER=`mc`@`%` PROCEDURE `controller_after`(IN f_id INT, IN t_id INT, OUT res INT)
BEGIN
DECLARE f_lft,f_rgt,f_lev,t_lft,t_rgt,t_lev,done INT DEFAULT 0;
DECLARE CONTINUE HANDLER FOR SQLSTATE '02000' SET done=1;
DECLARE EXIT HANDLER FOR SQLWARNING ROLLBACK;
SET res=0;
START TRANSACTION;
SET done=0;
SELECT c_lk,c_rk,c_level
INTO f_lft,f_rgt,f_lev
FROM `controllers`
WHERE c_id=f_id;
IF t_id>0 THEN
SELECT c_lk,c_rk,c_level
INTO t_lft,t_rgt,t_lev
FROM `controllers`
WHERE c_level=f_lev AND c_id=t_id;
IF NOT done THEN
SELECT c_lk,c_rk,c_level
INTO t_lft,t_rgt,t_lev
FROM `controllers`
WHERE c_level=f_lev AND c_lk>t_rgt AND c_rk>t_rgt
ORDER BY c_lk ASC
LIMIT 1;
IF done THEN
SET t_lft = t_rgt+1;
SET t_rgt = t_lft+1;
SET done=0;
END IF;
END IF;
ELSE
SELECT c_lk,c_rk,c_level
INTO t_lft,t_rgt,t_lev
FROM `controllers`
WHERE c_lk<f_lft AND c_rk>f_rgt AND c_level<f_lev
ORDER BY c_level DESC
LIMIT 1;
IF NOT done THEN
SELECT c_lk,c_rk,c_level
INTO t_lft,t_rgt,t_lev
FROM `controllers`
WHERE c_level=f_lev AND c_lk>t_lft AND c_rk<t_rgt
ORDER BY c_lk ASC
LIMIT 1;
ELSE
SET done=0;
SELECT c_lk,c_rk,c_level
INTO t_lft,t_rgt,t_lev
FROM `controllers`
WHERE c_level=f_lev
ORDER BY c_lk ASC
LIMIT 1;
END IF;
END IF;
IF NOT done THEN
SET t_rgt=t_lft;
SET t_lft=t_lft-1;
CALL `controller_relocate`(f_lft,f_rgt,f_lev,t_lft,t_rgt,t_lev-1,res);
END IF;
IF res=0 THEN
ROLLBACK;
ELSE
COMMIT;
END IF;
END ;;
DELIMITER ;
/*!50003 SET sql_mode              = @saved_sql_mode */ ;
/*!50003 SET character_set_client  = @saved_cs_client */ ;
/*!50003 SET character_set_results = @saved_cs_results */ ;
/*!50003 SET collation_connection  = @saved_col_connection */ ;
/*!50003 DROP PROCEDURE IF EXISTS `controller_create` */;
/*!50003 SET @saved_cs_client      = @@character_set_client */ ;
/*!50003 SET @saved_cs_results     = @@character_set_results */ ;
/*!50003 SET @saved_col_connection = @@collation_connection */ ;
/*!50003 SET character_set_client  = utf8 */ ;
/*!50003 SET character_set_results = utf8 */ ;
/*!50003 SET collation_connection  = utf8_general_ci */ ;
/*!50003 SET @saved_sql_mode       = @@sql_mode */ ;
/*!50003 SET sql_mode              = 'NO_AUTO_CREATE_USER,NO_ENGINE_SUBSTITUTION' */ ;
DELIMITER ;;
CREATE DEFINER=`mc`@`%` PROCEDURE `controller_create`(IN inPid INT, IN inAfterId INT, IN inPath VARCHAR(255), IN inName VARCHAR(100), IN inDesc TEXT, OUT last_ins_id INT)
BEGIN
	DECLARE i_level INT DEFAULT 1;
	DECLARE i_right_key INT DEFAULT 1;
	DECLARE res INT DEFAULT 0;
	DECLARE EXIT HANDLER FOR SQLWARNING ROLLBACK;
	
	SET last_ins_id=0;
	SET res=0;
	START TRANSACTION;
	
	SELECT IF(ISNULL(MAX(r_rk)+1), 1, MAX(r_rk)+1 ) INTO i_right_key
	FROM `controllers`;
	
	INSERT INTO `controllers`
	SET 
	c_level	= i_level, 
	c_lk	= i_right_key, 
	c_rk	= i_right_key + 1,
	c_path	= inPath,
	c_name	= inName,
	c_desc  = inDesc;
	
	SELECT LAST_INSERT_ID() INTO last_ins_id;
	
	IF last_ins_id>0 THEN
		CALL controller_move(last_ins_id, inPid, res);
		IF res=1 THEN
			CALL controller_after(last_ins_id, inAfterId, res);
		END IF;	
		
		IF res=0 THEN
			ROLLBACK;
			SET last_ins_id=0;
		ELSE
			COMMIT;
		END IF;
	ELSE 
		ROLLBACK;
	END IF;
END ;;
DELIMITER ;
/*!50003 SET sql_mode              = @saved_sql_mode */ ;
/*!50003 SET character_set_client  = @saved_cs_client */ ;
/*!50003 SET character_set_results = @saved_cs_results */ ;
/*!50003 SET collation_connection  = @saved_col_connection */ ;
/*!50003 DROP PROCEDURE IF EXISTS `controller_down` */;
/*!50003 SET @saved_cs_client      = @@character_set_client */ ;
/*!50003 SET @saved_cs_results     = @@character_set_results */ ;
/*!50003 SET @saved_col_connection = @@collation_connection */ ;
/*!50003 SET character_set_client  = utf8 */ ;
/*!50003 SET character_set_results = utf8 */ ;
/*!50003 SET collation_connection  = utf8_general_ci */ ;
/*!50003 SET @saved_sql_mode       = @@sql_mode */ ;
/*!50003 SET sql_mode              = 'NO_AUTO_VALUE_ON_ZERO' */ ;
DELIMITER ;;
CREATE DEFINER=`mc`@`%` PROCEDURE `controller_down`(IN p_id INT, OUT res INT)
BEGIN
DECLARE f_lft,f_rgt,f_lev,t_lft,t_rgt,t_lev INT DEFAULT 0;
SET res=0;
SELECT c_lk,i_c_rk,c_level
INTO f_lft,f_rgt,f_lev
FROM `controllers`
WHERE c_id=p_id;
SELECT c_lk,c_rk,c_level
INTO t_lft,t_rgt,t_lev
FROM `controllers`
WHERE c_lk<f_lft AND c_rk>f_rgt AND c_level<f_lev
ORDER BY c_level DESC
LIMIT 1;
IF t_rgt-t_lft>f_rgt-f_lft THEN
IF f_rgt+1<t_rgt THEN
SELECT c_lk,c_rk,c_level
INTO t_lft,t_rgt,t_lev
FROM `controllers`
WHERE c_level=f_lev AND c_lk>t_lft AND c_rk<t_rgt AND c_lk>f_rgt
ORDER BY c_lk ASC
LIMIT 1;
SET t_lft=t_rgt;
SET t_rgt=t_rgt+1;
ELSE
SELECT c_lk,c_rk,c_level
INTO t_lft,t_rgt,t_lev
FROM `controllers`
WHERE c_level=f_lev AND c_lk>t_lft AND c_rk<t_rgt
ORDER BY c_lk ASC
LIMIT 1;
SET t_rgt=t_lft;
SET t_lft=t_lft-1;
END IF;
CALL `controller_relocate`(f_lft,f_rgt,f_lev,t_lft,t_rgt,t_lev-1,res);
END IF;
END ;;
DELIMITER ;
/*!50003 SET sql_mode              = @saved_sql_mode */ ;
/*!50003 SET character_set_client  = @saved_cs_client */ ;
/*!50003 SET character_set_results = @saved_cs_results */ ;
/*!50003 SET collation_connection  = @saved_col_connection */ ;
/*!50003 DROP PROCEDURE IF EXISTS `controller_move` */;
/*!50003 SET @saved_cs_client      = @@character_set_client */ ;
/*!50003 SET @saved_cs_results     = @@character_set_results */ ;
/*!50003 SET @saved_col_connection = @@collation_connection */ ;
/*!50003 SET character_set_client  = utf8 */ ;
/*!50003 SET character_set_results = utf8 */ ;
/*!50003 SET collation_connection  = utf8_general_ci */ ;
/*!50003 SET @saved_sql_mode       = @@sql_mode */ ;
/*!50003 SET sql_mode              = 'NO_AUTO_VALUE_ON_ZERO' */ ;
DELIMITER ;;
CREATE DEFINER=`mc`@`%` PROCEDURE `controller_move`(IN f_id INT, IN t_id INT, OUT res INT)
BEGIN
DECLARE f_lft,f_rgt,f_lev,t_lft,t_rgt,t_lev,done INT DEFAULT 0;
DECLARE CONTINUE HANDLER FOR SQLSTATE '02000' SET done=1;
DECLARE EXIT HANDLER FOR SQLWARNING ROLLBACK;
SET res=0;
SET max_sp_recursion_depth=1;
START TRANSACTION;
SET done=0;
SELECT c_lk,c_rk,c_level
INTO f_lft,f_rgt,f_lev
FROM `controllers`
WHERE c_id=f_id;
IF t_id=0 THEN
SELECT IFNULL(MIN(c_lk),1)-1,IFNULL(MAX(c_rk),2)+1,0
INTO t_lft,t_rgt,t_lev
FROM `controllers`;
ELSE
SELECT c_lk,c_rk,c_level
INTO t_lft,t_rgt,t_lev
FROM `controllers`
WHERE c_id=t_id;
END IF;
IF NOT done THEN
UPDATE `controllers`
SET c_pid=t_id
WHERE c_id=f_id;
CALL `controller_relocate`(f_lft,f_rgt,f_lev,t_lft,t_rgt,t_lev,res);
END IF;
IF res=0 THEN
ROLLBACK;
ELSE
COMMIT;
END IF;
END ;;
DELIMITER ;
/*!50003 SET sql_mode              = @saved_sql_mode */ ;
/*!50003 SET character_set_client  = @saved_cs_client */ ;
/*!50003 SET character_set_results = @saved_cs_results */ ;
/*!50003 SET collation_connection  = @saved_col_connection */ ;
/*!50003 DROP PROCEDURE IF EXISTS `controller_relocate` */;
/*!50003 SET @saved_cs_client      = @@character_set_client */ ;
/*!50003 SET @saved_cs_results     = @@character_set_results */ ;
/*!50003 SET @saved_col_connection = @@collation_connection */ ;
/*!50003 SET character_set_client  = utf8 */ ;
/*!50003 SET character_set_results = utf8 */ ;
/*!50003 SET collation_connection  = utf8_general_ci */ ;
/*!50003 SET @saved_sql_mode       = @@sql_mode */ ;
/*!50003 SET sql_mode              = 'NO_AUTO_VALUE_ON_ZERO' */ ;
DELIMITER ;;
CREATE DEFINER=`mc`@`%` PROCEDURE `controller_relocate`(IN f_lft INT, IN f_rgt INT, IN f_lev INT, IN t_lft INT, IN t_rgt INT, IN t_lev INT, OUT res INT)
BEGIN
DECLARE count_pos,mv_level,mv_pos INT DEFAULT 0;
DECLARE EXIT HANDLER FOR SQLWARNING ROLLBACK;
SET res=0;
START TRANSACTION;
IF f_lft<f_rgt AND t_lft<t_rgt AND (f_lft>t_rgt OR f_rgt<t_rgt) THEN
SET count_pos=f_rgt-f_lft+1;
SET mv_level=f_lev-t_lev-1;

IF f_lft>t_rgt THEN
SET mv_pos=f_lft-t_rgt+count_pos;
UPDATE `controllers`
SET
c_rk = c_rk+count_pos,
c_lk = IF(c_lk > t_lft, c_lk+count_pos, c_lk)
WHERE c_rk >= t_rgt;
UPDATE `controllers`
SET c_rk = c_rk - mv_pos
WHERE c_lk >= (f_lft + count_pos) AND c_rk <= (f_rgt + count_pos);
UPDATE `controllers`
SET
c_lk = c_lk - mv_pos,
c_level = c_level - mv_level
WHERE c_lk >= (f_lft+count_pos) AND c_rk <= (t_rgt+count_pos);
UPDATE `controllers`
SET
c_rk = c_rk - count_pos,
c_lk = IF(c_lk > (f_rgt+count_pos), c_lk - count_pos, c_lk)
WHERE c_rk > (f_rgt+count_pos);
ELSE
SET mv_pos = f_lft - t_rgt;
UPDATE `controllers`
SET
c_rk = c_rk + count_pos,
c_lk = IF(c_lk > t_lft, c_lk + count_pos, c_lk)
WHERE c_rk >= t_rgt;
UPDATE `controllers`
SET c_lk = c_lk - mv_pos
WHERE c_lk >= f_lft AND c_rk <= f_rgt;
UPDATE `controllers`
SET
c_rk = c_rk - mv_pos,
c_level = c_level - mv_level
WHERE c_lk >= t_rgt AND c_rk <= f_rgt;
UPDATE `controllers`
SET c_rk = c_rk - count_pos,
c_lk = IF(c_lk > f_rgt, c_lk - count_pos, c_lk)
WHERE c_rk>f_rgt;
END IF;
END IF;
SET res=1;
COMMIT;
END ;;
DELIMITER ;
/*!50003 SET sql_mode              = @saved_sql_mode */ ;
/*!50003 SET character_set_client  = @saved_cs_client */ ;
/*!50003 SET character_set_results = @saved_cs_results */ ;
/*!50003 SET collation_connection  = @saved_col_connection */ ;
/*!50003 DROP PROCEDURE IF EXISTS `controller_up` */;
/*!50003 SET @saved_cs_client      = @@character_set_client */ ;
/*!50003 SET @saved_cs_results     = @@character_set_results */ ;
/*!50003 SET @saved_col_connection = @@collation_connection */ ;
/*!50003 SET character_set_client  = utf8 */ ;
/*!50003 SET character_set_results = utf8 */ ;
/*!50003 SET collation_connection  = utf8_general_ci */ ;
/*!50003 SET @saved_sql_mode       = @@sql_mode */ ;
/*!50003 SET sql_mode              = 'NO_AUTO_VALUE_ON_ZERO' */ ;
DELIMITER ;;
CREATE DEFINER=`mc`@`%` PROCEDURE `controller_up`(IN p_id INT, OUT res INT)
BEGIN
DECLARE f_lft,f_rgt,f_lev,t_lft,t_rgt,t_lev INT DEFAULT 0;
SET res=0;
SELECT c_lk,c_rk,c_level
INTO f_lft,f_rgt,f_lev
FROM `controllers`
WHERE c_id=p_id;
SELECT c_lk,c_rk,c_level
INTO t_lft,t_rgt,t_lev
FROM `controllers`
WHERE c_lk<f_lft AND c_rk>f_rgt AND c_level<f_lev
ORDER BY c_level DESC
LIMIT 1;
IF t_rgt-t_lft>f_rgt-f_lft THEN
IF f_lft-1>t_lft THEN
SELECT c_lk,c_rk,c_level
INTO t_lft,t_rgt,t_lev
FROM `controllers`
WHERE c_level=f_lev AND c_lk>t_lft AND c_rk<t_rgt AND c_rk<f_lft
ORDER BY c_rk DESC
LIMIT 1;
SET t_rgt=t_lft;
SET t_lft=t_lft-1;
ELSE
SELECT c_lk,c_rk,c_level
INTO t_lft,t_rgt,t_lev
FROM `controllers`
WHERE c_level=f_lev AND c_lk>t_lft AND c_rk<t_rgt
ORDER BY c_rk DESC
LIMIT 1;
SET t_lft=t_rgt;
SET t_rgt=t_rgt+1;
END IF;
CALL `controller_relocate`(f_lft,f_rgt,f_lev,t_lft,t_rgt,t_lev-1,res);
END IF;
END ;;
DELIMITER ;
/*!50003 SET sql_mode              = @saved_sql_mode */ ;
/*!50003 SET character_set_client  = @saved_cs_client */ ;
/*!50003 SET character_set_results = @saved_cs_results */ ;
/*!50003 SET collation_connection  = @saved_col_connection */ ;
/*!50003 DROP PROCEDURE IF EXISTS `controller_update` */;
/*!50003 SET @saved_cs_client      = @@character_set_client */ ;
/*!50003 SET @saved_cs_results     = @@character_set_results */ ;
/*!50003 SET @saved_col_connection = @@collation_connection */ ;
/*!50003 SET character_set_client  = utf8 */ ;
/*!50003 SET character_set_results = utf8 */ ;
/*!50003 SET collation_connection  = utf8_general_ci */ ;
/*!50003 SET @saved_sql_mode       = @@sql_mode */ ;
/*!50003 SET sql_mode              = 'NO_AUTO_VALUE_ON_ZERO' */ ;
DELIMITER ;;
CREATE DEFINER=`mc`@`%` PROCEDURE `controller_update`(IN inId INT, IN inPid INT, IN inAfterId INT, IN inPath VARCHAR(255), IN inName VARCHAR(100), IN inDesc TEXT, OUT res INT)
BEGIN
	DECLARE rPid, rId, rLk, rRk, bIntoSelf INT DEFAULT 0;
	
	DECLARE EXIT HANDLER FOR SQLWARNING ROLLBACK;
	SET res=0;
	
	
	SELECT 
	c_lk, c_rk INTO rLk, rRk
	FROM `controllers`
	WHERE c_id = inId;
	
	
	SELECT EXISTS (
		SELECT 1 
		FROM `controllers`
		WHERE inPid IN
		(SELECT c_id 
		FROM `controllers`
		WHERE c_lk >= rLk
		AND c_rk <= rRk)
	) INTO bIntoSelf;
	
	START TRANSACTION;
	
	UPDATE `controllers`
	SET
	c_path	= inPath,
	c_name	= inName,
	c_desc	= inDesc
	WHERE c_id = inId;
	
	
	if bIntoSelf=1 THEN
		SET res = 1;
		Commit;
	ELSE
		CALL controller_move(inId, inPid, res);
		
		IF res=1 THEN
			CALL controller_after(inId, inAfterId, res);
		END IF;	
		
		IF res=0 THEN
			ROLLBACK;
		ELSE
			COMMIT;
		END IF;
	END IF;
END ;;
DELIMITER ;
/*!50003 SET sql_mode              = @saved_sql_mode */ ;
/*!50003 SET character_set_client  = @saved_cs_client */ ;
/*!50003 SET character_set_results = @saved_cs_results */ ;
/*!50003 SET collation_connection  = @saved_col_connection */ ;
/*!50003 DROP PROCEDURE IF EXISTS `location_after` */;
/*!50003 SET @saved_cs_client      = @@character_set_client */ ;
/*!50003 SET @saved_cs_results     = @@character_set_results */ ;
/*!50003 SET @saved_col_connection = @@collation_connection */ ;
/*!50003 SET character_set_client  = utf8 */ ;
/*!50003 SET character_set_results = utf8 */ ;
/*!50003 SET collation_connection  = utf8_general_ci */ ;
/*!50003 SET @saved_sql_mode       = @@sql_mode */ ;
/*!50003 SET sql_mode              = 'NO_AUTO_VALUE_ON_ZERO' */ ;
DELIMITER ;;
CREATE DEFINER=`mc`@`%` PROCEDURE `location_after`(IN f_id INT, IN t_id INT, OUT res INT)
BEGIN
DECLARE f_lft,f_rgt,f_lev,t_lft,t_rgt,t_lev,done INT DEFAULT 0;
DECLARE CONTINUE HANDLER FOR SQLSTATE '02000' SET done=1;
DECLARE EXIT HANDLER FOR SQLWARNING ROLLBACK;
SET res=0;
START TRANSACTION;
SET done=0;
SELECT l_lk,l_rk,l_level
INTO f_lft,f_rgt,f_lev
FROM `location`
WHERE l_id=f_id;
IF t_id>0 THEN
SELECT l_lk,l_rk,l_level
INTO t_lft,t_rgt,t_lev
FROM `location`
WHERE l_level=f_lev AND l_id=t_id;
IF NOT done THEN
SELECT l_lk,l_rk,l_level
INTO t_lft,t_rgt,t_lev
FROM `location`
WHERE l_level=f_lev AND l_lk>t_rgt AND l_rk>t_rgt
ORDER BY l_lk ASC
LIMIT 1;
IF done THEN
SET t_lft = t_rgt+1;
SET t_rgt = t_lft+1;
SET done=0;
END IF;
END IF;
ELSE
SELECT l_lk,l_rk,l_level
INTO t_lft,t_rgt,t_lev
FROM `location`
WHERE l_lk<f_lft AND l_rk>f_rgt AND l_level<f_lev
ORDER BY l_level DESC
LIMIT 1;
IF NOT done THEN
SELECT l_lk,l_rk,l_level
INTO t_lft,t_rgt,t_lev
FROM `location`
WHERE l_level=f_lev AND l_lk>t_lft AND l_rk<t_rgt
ORDER BY l_lk ASC
LIMIT 1;
ELSE
SET done=0;
SELECT l_lk,l_rk,l_level
INTO t_lft,t_rgt,t_lev
FROM `location`
WHERE l_level=f_lev
ORDER BY l_lk ASC
LIMIT 1;
END IF;
END IF;
IF NOT done THEN
SET t_rgt=t_lft;
SET t_lft=t_lft-1;
CALL `location_relocate`(f_lft,f_rgt,f_lev,t_lft,t_rgt,t_lev-1,res);
END IF;
IF res=0 THEN
ROLLBACK;
ELSE
COMMIT;
END IF;
END ;;
DELIMITER ;
/*!50003 SET sql_mode              = @saved_sql_mode */ ;
/*!50003 SET character_set_client  = @saved_cs_client */ ;
/*!50003 SET character_set_results = @saved_cs_results */ ;
/*!50003 SET collation_connection  = @saved_col_connection */ ;
/*!50003 DROP PROCEDURE IF EXISTS `location_create` */;
/*!50003 SET @saved_cs_client      = @@character_set_client */ ;
/*!50003 SET @saved_cs_results     = @@character_set_results */ ;
/*!50003 SET @saved_col_connection = @@collation_connection */ ;
/*!50003 SET character_set_client  = utf8 */ ;
/*!50003 SET character_set_results = utf8 */ ;
/*!50003 SET collation_connection  = utf8_general_ci */ ;
/*!50003 SET @saved_sql_mode       = @@sql_mode */ ;
/*!50003 SET sql_mode              = 'NO_AUTO_VALUE_ON_ZERO' */ ;
DELIMITER ;;
CREATE DEFINER=`mc`@`%` PROCEDURE `location_create`(IN inPid INT, IN inAfterId INT, IN inName VARCHAR(255), IN inLat DECIMAL(10,8), IN inLng DECIMAL(11,8), IN inKind VARCHAR(50), IN inFullName VARCHAR(255), OUT last_ins_id INT)
BEGIN
	DECLARE i_level INT DEFAULT 1;
	DECLARE i_right_key INT DEFAULT 1;
	DECLARE res, existsId, done INT DEFAULT 0;
	DECLARE CONTINUE HANDLER FOR SQLSTATE '02000' SET done=1;
	DECLARE EXIT HANDLER FOR SQLWARNING ROLLBACK;
	 
	SET last_ins_id=0;
	SET res=0;
	SET done=0;
		
	SELECT IFNULL(l_id, 0) INTO existsId
	FROM `location_names`
	WHERE l_pid = inPid AND l_name = inName;
	
	IF NOT done THEN
		SET last_ins_id = existsId;
	ELSE 
		SET done = 0;
		START TRANSACTION;
		
		
		SELECT IF(ISNULL(MAX(l_rk)+1), 1, MAX(l_rk)+1 ) INTO i_right_key
		FROM `location`;
		
		INSERT INTO `location`
		SET 
		l_level	= i_level, 
		l_lk	= i_right_key, 
		l_rk	= i_right_key + 1;
		
		SET last_ins_id = LAST_INSERT_ID();
		
		IF last_ins_id>0 THEN
			
			CALL `location_move`(last_ins_id, inPid, res);
			IF res=1 THEN
			
				CALL `location_after`(last_ins_id, inAfterId, res);
			END IF;	
			
			IF res=0 THEN
				ROLLBACK;
				SET last_ins_id=0;
			ELSE
			
				INSERT INTO `location_names` (l_id, l_pid, l_name, l_latitude, l_longitude, l_kind, l_full_name)
				VALUES(last_ins_id, inPid, inName, inLat, inLng, inKind, inFullName);
				
				COMMIT;
			END IF;
		ELSE 
			ROLLBACK;
		END IF;
	
	END IF;
	
END ;;
DELIMITER ;
/*!50003 SET sql_mode              = @saved_sql_mode */ ;
/*!50003 SET character_set_client  = @saved_cs_client */ ;
/*!50003 SET character_set_results = @saved_cs_results */ ;
/*!50003 SET collation_connection  = @saved_col_connection */ ;
/*!50003 DROP PROCEDURE IF EXISTS `location_down` */;
/*!50003 SET @saved_cs_client      = @@character_set_client */ ;
/*!50003 SET @saved_cs_results     = @@character_set_results */ ;
/*!50003 SET @saved_col_connection = @@collation_connection */ ;
/*!50003 SET character_set_client  = utf8 */ ;
/*!50003 SET character_set_results = utf8 */ ;
/*!50003 SET collation_connection  = utf8_general_ci */ ;
/*!50003 SET @saved_sql_mode       = @@sql_mode */ ;
/*!50003 SET sql_mode              = 'NO_AUTO_VALUE_ON_ZERO' */ ;
DELIMITER ;;
CREATE DEFINER=`mc`@`%` PROCEDURE `location_down`(IN p_id INT, OUT res INT)
BEGIN
DECLARE f_lft,f_rgt,f_lev,t_lft,t_rgt,t_lev INT DEFAULT 0;
SET res=0;
SELECT l_lk,i_l_rk,l_level
INTO f_lft,f_rgt,f_lev
FROM `location`
WHERE l_id=p_id;
SELECT l_lk,l_rk,l_level
INTO t_lft,t_rgt,t_lev
FROM `location`
WHERE l_lk<f_lft AND l_rk>f_rgt AND l_level<f_lev
ORDER BY l_level DESC
LIMIT 1;
IF t_rgt-t_lft>f_rgt-f_lft THEN
IF f_rgt+1<t_rgt THEN
SELECT l_lk,l_rk,l_level
INTO t_lft,t_rgt,t_lev
FROM `location`
WHERE l_level=f_lev AND l_lk>t_lft AND l_rk<t_rgt AND l_lk>f_rgt
ORDER BY l_lk ASC
LIMIT 1;
SET t_lft=t_rgt;
SET t_rgt=t_rgt+1;
ELSE
SELECT l_lk,l_rk,l_level
INTO t_lft,t_rgt,t_lev
FROM `location`
WHERE l_level=f_lev AND l_lk>t_lft AND l_rk<t_rgt
ORDER BY l_lk ASC
LIMIT 1;
SET t_rgt=t_lft;
SET t_lft=t_lft-1;
END IF;
CALL `location_relocate`(f_lft,f_rgt,f_lev,t_lft,t_rgt,t_lev-1,res);
END IF;
END ;;
DELIMITER ;
/*!50003 SET sql_mode              = @saved_sql_mode */ ;
/*!50003 SET character_set_client  = @saved_cs_client */ ;
/*!50003 SET character_set_results = @saved_cs_results */ ;
/*!50003 SET collation_connection  = @saved_col_connection */ ;
/*!50003 DROP PROCEDURE IF EXISTS `location_move` */;
/*!50003 SET @saved_cs_client      = @@character_set_client */ ;
/*!50003 SET @saved_cs_results     = @@character_set_results */ ;
/*!50003 SET @saved_col_connection = @@collation_connection */ ;
/*!50003 SET character_set_client  = utf8 */ ;
/*!50003 SET character_set_results = utf8 */ ;
/*!50003 SET collation_connection  = utf8_general_ci */ ;
/*!50003 SET @saved_sql_mode       = @@sql_mode */ ;
/*!50003 SET sql_mode              = 'NO_AUTO_VALUE_ON_ZERO' */ ;
DELIMITER ;;
CREATE DEFINER=`mc`@`%` PROCEDURE `location_move`(IN f_id INT, IN t_id INT, OUT res INT)
BEGIN
  DECLARE f_lft
  , f_rgt
  , f_lev
  , t_lft
  , t_rgt
  , t_lev
  , done INT DEFAULT 0 ;
  DECLARE CONTINUE HANDLER FOR SQLSTATE '02000' SET done = 1 ;
  DECLARE EXIT HANDLER FOR SQLWARNING ROLLBACK ;
  SET res = 0 ;
  SET max_sp_recursion_depth = 1 ;
  START TRANSACTION ;
  SET done = 0 ;
  SELECT 
    l_lk
    , l_rk
    , l_level INTO f_lft
    , f_rgt
    , f_lev 
  FROM
    `location` 
  WHERE l_id = f_id ;
  IF t_id = 0 
  THEN 
  SELECT 
    IFNULL(MIN(l_lk), 1) - 1
    , IFNULL(MAX(l_rk), 2) + 1
    , 0 INTO t_lft
    , t_rgt
    , t_lev 
  FROM
    `location` ;
  ELSE 
  SELECT 
    l_lk
    , l_rk
    , l_level INTO t_lft
    , t_rgt
    , t_lev 
  FROM
    `location` 
  WHERE l_id = t_id ;
  END IF ;
  IF NOT done 
  THEN 
  UPDATE 
    `location` 
  SET
    l_pid = t_id 
  WHERE l_id = f_id ;
  CALL `location_relocate` (
    f_lft
    , f_rgt
    , f_lev
    , t_lft
    , t_rgt
    , t_lev
    , res
  ) ;
  END IF ;
  IF res = 0 
  THEN ROLLBACK ;
  ELSE COMMIT ;
  END IF ;
END ;;
DELIMITER ;
/*!50003 SET sql_mode              = @saved_sql_mode */ ;
/*!50003 SET character_set_client  = @saved_cs_client */ ;
/*!50003 SET character_set_results = @saved_cs_results */ ;
/*!50003 SET collation_connection  = @saved_col_connection */ ;
/*!50003 DROP PROCEDURE IF EXISTS `location_relocate` */;
/*!50003 SET @saved_cs_client      = @@character_set_client */ ;
/*!50003 SET @saved_cs_results     = @@character_set_results */ ;
/*!50003 SET @saved_col_connection = @@collation_connection */ ;
/*!50003 SET character_set_client  = utf8 */ ;
/*!50003 SET character_set_results = utf8 */ ;
/*!50003 SET collation_connection  = utf8_general_ci */ ;
/*!50003 SET @saved_sql_mode       = @@sql_mode */ ;
/*!50003 SET sql_mode              = 'NO_AUTO_VALUE_ON_ZERO' */ ;
DELIMITER ;;
CREATE DEFINER=`mc`@`%` PROCEDURE `location_relocate`(IN f_lft INT, IN f_rgt INT, IN f_lev INT, IN t_lft INT, IN t_rgt INT, IN t_lev INT, OUT res INT)
BEGIN
DECLARE count_pos,mv_level,mv_pos INT DEFAULT 0;
DECLARE EXIT HANDLER FOR SQLWARNING ROLLBACK;
SET res=0;
START TRANSACTION;
IF f_lft<f_rgt AND t_lft<t_rgt AND (f_lft>t_rgt OR f_rgt<t_rgt) THEN
SET count_pos=f_rgt-f_lft+1;
SET mv_level=f_lev-t_lev-1;
IF f_lft>t_rgt THEN
SET mv_pos=f_lft-t_rgt+count_pos;
UPDATE `location`
SET
l_rk = l_rk+count_pos,
l_lk = IF(l_lk > t_lft, l_lk+count_pos, l_lk)
WHERE l_rk >= t_rgt;
UPDATE `location`
SET l_rk = l_rk - mv_pos
WHERE l_lk >= (f_lft + count_pos) AND l_rk <= (f_rgt + count_pos);
UPDATE `location`
SET
l_lk = l_lk - mv_pos,
l_level = l_level - mv_level
WHERE l_lk >= (f_lft+count_pos) AND l_rk <= (t_rgt+count_pos);
UPDATE `location`
SET
l_rk = l_rk - count_pos,
l_lk = IF(l_lk > (f_rgt+count_pos), l_lk - count_pos, l_lk)
WHERE l_rk > (f_rgt+count_pos);
ELSE
SET mv_pos = f_lft - t_rgt;
UPDATE `location`
SET
l_rk = l_rk + count_pos,
l_lk = IF(l_lk > t_lft, l_lk + count_pos, l_lk)
WHERE l_rk >= t_rgt;
UPDATE `location`
SET l_lk = l_lk - mv_pos
WHERE l_lk >= f_lft AND l_rk <= f_rgt;
UPDATE `location`
SET
l_rk = l_rk - mv_pos,
l_level = l_level - mv_level
WHERE l_lk >= t_rgt AND l_rk <= f_rgt;
UPDATE `location`
SET l_rk = l_rk - count_pos,
l_lk = IF(l_lk > f_rgt, l_lk - count_pos, l_lk)
WHERE l_rk>f_rgt;
END IF;
END IF;
SET res=1;
COMMIT;
END ;;
DELIMITER ;
/*!50003 SET sql_mode              = @saved_sql_mode */ ;
/*!50003 SET character_set_client  = @saved_cs_client */ ;
/*!50003 SET character_set_results = @saved_cs_results */ ;
/*!50003 SET collation_connection  = @saved_col_connection */ ;
/*!50003 DROP PROCEDURE IF EXISTS `location_up` */;
/*!50003 SET @saved_cs_client      = @@character_set_client */ ;
/*!50003 SET @saved_cs_results     = @@character_set_results */ ;
/*!50003 SET @saved_col_connection = @@collation_connection */ ;
/*!50003 SET character_set_client  = utf8 */ ;
/*!50003 SET character_set_results = utf8 */ ;
/*!50003 SET collation_connection  = utf8_general_ci */ ;
/*!50003 SET @saved_sql_mode       = @@sql_mode */ ;
/*!50003 SET sql_mode              = 'NO_AUTO_VALUE_ON_ZERO' */ ;
DELIMITER ;;
CREATE DEFINER=`mc`@`%` PROCEDURE `location_up`(IN p_id INT, OUT res INT)
BEGIN
DECLARE f_lft,f_rgt,f_lev,t_lft,t_rgt,t_lev INT DEFAULT 0;
SET res=0;
SELECT l_lk,l_rk,l_level
INTO f_lft,f_rgt,f_lev
FROM `location`
WHERE l_id=p_id;
SELECT l_lk,l_rk,l_level
INTO t_lft,t_rgt,t_lev
FROM `location`
WHERE l_lk<f_lft AND l_rk>f_rgt AND l_level<f_lev
ORDER BY l_level DESC
LIMIT 1;
IF t_rgt-t_lft>f_rgt-f_lft THEN
IF f_lft-1>t_lft THEN
SELECT l_lk,l_rk,l_level
INTO t_lft,t_rgt,t_lev
FROM `location`
WHERE l_level=f_lev AND l_lk>t_lft AND l_rk<t_rgt AND l_rk<f_lft
ORDER BY l_rk DESC
LIMIT 1;
SET t_rgt=t_lft;
SET t_lft=t_lft-1;
ELSE
SELECT l_lk,l_rk,l_level
INTO t_lft,t_rgt,t_lev
FROM `location`
WHERE l_level=f_lev AND l_lk>t_lft AND l_rk<t_rgt
ORDER BY l_rk DESC
LIMIT 1;
SET t_lft=t_rgt;
SET t_rgt=t_rgt+1;
END IF;
CALL `location_relocate`(f_lft,f_rgt,f_lev,t_lft,t_rgt,t_lev-1,res);
END IF;
END ;;
DELIMITER ;
/*!50003 SET sql_mode              = @saved_sql_mode */ ;
/*!50003 SET character_set_client  = @saved_cs_client */ ;
/*!50003 SET character_set_results = @saved_cs_results */ ;
/*!50003 SET collation_connection  = @saved_col_connection */ ;
/*!50003 DROP PROCEDURE IF EXISTS `location_update` */;
/*!50003 SET @saved_cs_client      = @@character_set_client */ ;
/*!50003 SET @saved_cs_results     = @@character_set_results */ ;
/*!50003 SET @saved_col_connection = @@collation_connection */ ;
/*!50003 SET character_set_client  = utf8 */ ;
/*!50003 SET character_set_results = utf8 */ ;
/*!50003 SET collation_connection  = utf8_general_ci */ ;
/*!50003 SET @saved_sql_mode       = @@sql_mode */ ;
/*!50003 SET sql_mode              = 'NO_AUTO_VALUE_ON_ZERO' */ ;
DELIMITER ;;
CREATE DEFINER=`mc`@`%` PROCEDURE `location_update`(IN inId INT, IN inPid INT, IN inAfterId INT, IN inName VARCHAR(255), IN inLat DECIMAL(10,8), IN inLng DECIMAL(11,8), IN inKind VARCHAR(50), IN inFullName VARCHAR(255), OUT res INT)
BEGIN
	DECLARE rPid, rId, rLk, rRk, bIntoSelf, existsId, done INT DEFAULT 0;
	
	DECLARE EXIT HANDLER FOR SQLWARNING ROLLBACK;
	DECLARE CONTINUE HANDLER FOR SQLSTATE '02000' SET done=1;
	
	SET res=0;
	SET done = 0;
	
	SELECT IFNULL(l_id, 0) INTO existsId
	FROM `location_names`
	WHERE l_id <> inId AND l_pid = inPid AND l_name = inName;
	
	
	IF NOT done THEN
		SET res = 0;	
	ELSE 
	
		
		SELECT 
		l_lk, l_rk INTO rLk, rRk
		FROM `location`
		WHERE l_id = inId;
		
		
		SELECT EXISTS (
			SELECT 1 
			FROM `location`
			WHERE inPid IN
			(
				SELECT l_id 
				FROM `location`
				WHERE l_lk >= rLk
				AND l_rk <= rRk
			)
		) INTO bIntoSelf;
		
		START TRANSACTION;
		
		UPDATE `location_names`
		SET
		l_pid = inPid,
		l_name	= inName,
		l_latitude = inLat,
		l_longitude = inLng,
		l_kind = inKind,
		l_full_name = inFullNamea
		WHERE l_id = inId;
		
		
		IF bIntoSelf=1 THEN
			SET res = 1;
			COMMIT;
		ELSE
			CALL `location_move`(inId, inPid, res);
			
			IF res=1 THEN
				CALL `location_after`(inId, inAfterId, res);
				
			END IF;	
			
			IF res=0 THEN
				ROLLBACK;
			ELSE
				COMMIT;
			END IF;
		END IF;
	END IF;
END ;;
DELIMITER ;
/*!50003 SET sql_mode              = @saved_sql_mode */ ;
/*!50003 SET character_set_client  = @saved_cs_client */ ;
/*!50003 SET character_set_results = @saved_cs_results */ ;
/*!50003 SET collation_connection  = @saved_col_connection */ ;
/*!50003 DROP PROCEDURE IF EXISTS `menu_after` */;
/*!50003 SET @saved_cs_client      = @@character_set_client */ ;
/*!50003 SET @saved_cs_results     = @@character_set_results */ ;
/*!50003 SET @saved_col_connection = @@collation_connection */ ;
/*!50003 SET character_set_client  = utf8 */ ;
/*!50003 SET character_set_results = utf8 */ ;
/*!50003 SET collation_connection  = utf8_general_ci */ ;
/*!50003 SET @saved_sql_mode       = @@sql_mode */ ;
/*!50003 SET sql_mode              = 'NO_AUTO_VALUE_ON_ZERO' */ ;
DELIMITER ;;
CREATE DEFINER=`mc`@`%` PROCEDURE `menu_after`(IN f_id INT, IN t_id INT, OUT res INT)
BEGIN
DECLARE f_lft,f_rgt,f_lev,t_lft,t_rgt,t_lev,done INT DEFAULT 0;
DECLARE CONTINUE HANDLER FOR SQLSTATE '02000' SET done=1;
DECLARE EXIT HANDLER FOR SQLWARNING ROLLBACK;
SET res=0;
START TRANSACTION;
SET done=0;
SELECT m_lk,m_rk,m_level
INTO f_lft,f_rgt,f_lev
FROM `menu`
WHERE m_id=f_id;
IF t_id>0 THEN
SELECT m_lk,m_rk,m_level
INTO t_lft,t_rgt,t_lev
FROM `menu`
WHERE m_level=f_lev AND m_id=t_id;
IF NOT done THEN
SELECT m_lk,m_rk,m_level
INTO t_lft,t_rgt,t_lev
FROM `menu`
WHERE m_level=f_lev AND m_lk>t_rgt AND m_rk>t_rgt
ORDER BY m_lk ASC
LIMIT 1;
IF done THEN
SET t_lft = t_rgt+1;
SET t_rgt = t_lft+1;
SET done=0;
END IF;
END IF;
ELSE
SELECT m_lk,m_rk,m_level
INTO t_lft,t_rgt,t_lev
FROM `menu`
WHERE m_lk<f_lft AND m_rk>f_rgt AND m_level<f_lev
ORDER BY m_level DESC
LIMIT 1;
IF NOT done THEN
SELECT m_lk,m_rk,m_level
INTO t_lft,t_rgt,t_lev
FROM `menu`
WHERE m_level=f_lev AND m_lk>t_lft AND m_rk<t_rgt
ORDER BY m_lk ASC
LIMIT 1;
ELSE
SET done=0;
SELECT m_lk,m_rk,m_level
INTO t_lft,t_rgt,t_lev
FROM `menu`
WHERE m_level=f_lev
ORDER BY m_lk ASC
LIMIT 1;
END IF;
END IF;
IF NOT done THEN
SET t_rgt=t_lft;
SET t_lft=t_lft-1;
CALL `menu_relocate`(f_lft,f_rgt,f_lev,t_lft,t_rgt,t_lev-1,res);
END IF;
IF res=0 THEN
ROLLBACK;
ELSE
COMMIT;
END IF;
END ;;
DELIMITER ;
/*!50003 SET sql_mode              = @saved_sql_mode */ ;
/*!50003 SET character_set_client  = @saved_cs_client */ ;
/*!50003 SET character_set_results = @saved_cs_results */ ;
/*!50003 SET collation_connection  = @saved_col_connection */ ;
/*!50003 DROP PROCEDURE IF EXISTS `menu_create` */;
/*!50003 SET @saved_cs_client      = @@character_set_client */ ;
/*!50003 SET @saved_cs_results     = @@character_set_results */ ;
/*!50003 SET @saved_col_connection = @@collation_connection */ ;
/*!50003 SET character_set_client  = utf8 */ ;
/*!50003 SET character_set_results = utf8 */ ;
/*!50003 SET collation_connection  = utf8_general_ci */ ;
/*!50003 SET @saved_sql_mode       = @@sql_mode */ ;
/*!50003 SET sql_mode              = 'NO_AUTO_VALUE_ON_ZERO' */ ;
DELIMITER ;;
CREATE DEFINER=`mc`@`%` PROCEDURE `menu_create`(IN inMenuPid INT, IN inAfterId INT, IN inMenuPath VARCHAR(255), IN inMenuName VARCHAR(100), IN inMenuTitle TEXT, IN inMenuH1 TExt, IN inMenuDesc TEXT, IN inCId INT, OUT last_ins_id INT)
BEGIN
	DECLARE i_level INT DEFAULT 1;
	DECLARE i_right_key INT DEFAULT 1;
	DECLARE res INT DEFAULT 0;
	DECLARE EXIT HANDLER FOR SQLWARNING ROLLBACK;
	 
	SET last_ins_id=0;
	SET res=0;
	START TRANSACTION;
	
	SELECT IF(ISNULL(MAX(m_rk)+1), 1, MAX(m_rk)+1 ) INTO i_right_key
	FROM `menu`;
	
	INSERT INTO `menu`
	SET 
	m_level	= i_level, 
	m_lk	= i_right_key, 
	m_rk	= i_right_key + 1,
	m_path	= inMenuPath,
	m_name	= inMenuName,
	m_title	= inMenuTitle,
	m_h1	= inMenuH1,
	m_desc  = inMenuDesc,
	c_id	= inCId;
	
	SELECT LAST_INSERT_ID() INTO last_ins_id;
	
	IF last_ins_id>0 THEN
		CALL menu_move(last_ins_id, inMenuPid, res);
		IF res=1 THEN
			CALL menu_after(last_ins_id, inAfterId, res);
		END IF;	
		
		IF res=0 THEN
			ROLLBACK;
			SET last_ins_id=0;
		ELSE
			COMMIT;
		END IF;
	ELSE 
		ROLLBACK;
	END IF;
END ;;
DELIMITER ;
/*!50003 SET sql_mode              = @saved_sql_mode */ ;
/*!50003 SET character_set_client  = @saved_cs_client */ ;
/*!50003 SET character_set_results = @saved_cs_results */ ;
/*!50003 SET collation_connection  = @saved_col_connection */ ;
/*!50003 DROP PROCEDURE IF EXISTS `menu_down` */;
/*!50003 SET @saved_cs_client      = @@character_set_client */ ;
/*!50003 SET @saved_cs_results     = @@character_set_results */ ;
/*!50003 SET @saved_col_connection = @@collation_connection */ ;
/*!50003 SET character_set_client  = utf8 */ ;
/*!50003 SET character_set_results = utf8 */ ;
/*!50003 SET collation_connection  = utf8_general_ci */ ;
/*!50003 SET @saved_sql_mode       = @@sql_mode */ ;
/*!50003 SET sql_mode              = 'NO_AUTO_VALUE_ON_ZERO' */ ;
DELIMITER ;;
CREATE DEFINER=`mc`@`%` PROCEDURE `menu_down`(IN p_id INT, OUT res INT)
BEGIN
DECLARE f_lft,f_rgt,f_lev,t_lft,t_rgt,t_lev INT DEFAULT 0;
SET res=0;
SELECT m_lk,i_m_rk,m_level
INTO f_lft,f_rgt,f_lev
FROM `menu`
WHERE m_id=p_id;
SELECT m_lk,m_rk,m_level
INTO t_lft,t_rgt,t_lev
FROM `menu`
WHERE m_lk<f_lft AND m_rk>f_rgt AND m_level<f_lev
ORDER BY m_level DESC
LIMIT 1;
IF t_rgt-t_lft>f_rgt-f_lft THEN
IF f_rgt+1<t_rgt THEN
SELECT m_lk,m_rk,m_level
INTO t_lft,t_rgt,t_lev
FROM `menu`
WHERE m_level=f_lev AND m_lk>t_lft AND m_rk<t_rgt AND m_lk>f_rgt
ORDER BY m_lk ASC
LIMIT 1;
SET t_lft=t_rgt;
SET t_rgt=t_rgt+1;
ELSE
SELECT m_lk,m_rk,m_level
INTO t_lft,t_rgt,t_lev
FROM `menu`
WHERE m_level=f_lev AND m_lk>t_lft AND m_rk<t_rgt
ORDER BY m_lk ASC
LIMIT 1;
SET t_rgt=t_lft;
SET t_lft=t_lft-1;
END IF;
CALL `menu_relocate`(f_lft,f_rgt,f_lev,t_lft,t_rgt,t_lev-1,res);
END IF;
END ;;
DELIMITER ;
/*!50003 SET sql_mode              = @saved_sql_mode */ ;
/*!50003 SET character_set_client  = @saved_cs_client */ ;
/*!50003 SET character_set_results = @saved_cs_results */ ;
/*!50003 SET collation_connection  = @saved_col_connection */ ;
/*!50003 DROP PROCEDURE IF EXISTS `menu_move` */;
/*!50003 SET @saved_cs_client      = @@character_set_client */ ;
/*!50003 SET @saved_cs_results     = @@character_set_results */ ;
/*!50003 SET @saved_col_connection = @@collation_connection */ ;
/*!50003 SET character_set_client  = utf8 */ ;
/*!50003 SET character_set_results = utf8 */ ;
/*!50003 SET collation_connection  = utf8_general_ci */ ;
/*!50003 SET @saved_sql_mode       = @@sql_mode */ ;
/*!50003 SET sql_mode              = 'NO_AUTO_VALUE_ON_ZERO' */ ;
DELIMITER ;;
CREATE DEFINER=`mc`@`%` PROCEDURE `menu_move`(IN f_id INT, IN t_id INT, OUT res INT)
BEGIN
  DECLARE f_lft
  , f_rgt
  , f_lev
  , t_lft
  , t_rgt
  , t_lev
  , done INT DEFAULT 0 ;
  DECLARE CONTINUE HANDLER FOR SQLSTATE '02000' SET done = 1 ;
  DECLARE EXIT HANDLER FOR SQLWARNING ROLLBACK ;
  SET res = 0 ;
  SET max_sp_recursion_depth = 1 ;
  START TRANSACTION ;
  SET done = 0 ;
  SELECT 
    m_lk
    , m_rk
    , m_level INTO f_lft
    , f_rgt
    , f_lev 
  FROM
    `menu` 
  WHERE m_id = f_id ;
  IF t_id = 0 
  THEN 
  SELECT 
    IFNULL(MIN(m_lk), 1) - 1
    , IFNULL(MAX(m_rk), 2) + 1
    , 0 INTO t_lft
    , t_rgt
    , t_lev 
  FROM
    `menu` ;
  ELSE 
  SELECT 
    m_lk
    , m_rk
    , m_level INTO t_lft
    , t_rgt
    , t_lev 
  FROM
    `menu` 
  WHERE m_id = t_id ;
  END IF ;
  IF NOT done 
  THEN 
  UPDATE 
    `menu` 
  SET
    m_pid = t_id 
  WHERE m_id = f_id ;
  CALL `menu_relocate` (
    f_lft
    , f_rgt
    , f_lev
    , t_lft
    , t_rgt
    , t_lev
    , res
  ) ;
  END IF ;
  IF res = 0 
  THEN ROLLBACK ;
  ELSE COMMIT ;
  END IF ;
END ;;
DELIMITER ;
/*!50003 SET sql_mode              = @saved_sql_mode */ ;
/*!50003 SET character_set_client  = @saved_cs_client */ ;
/*!50003 SET character_set_results = @saved_cs_results */ ;
/*!50003 SET collation_connection  = @saved_col_connection */ ;
/*!50003 DROP PROCEDURE IF EXISTS `menu_relocate` */;
/*!50003 SET @saved_cs_client      = @@character_set_client */ ;
/*!50003 SET @saved_cs_results     = @@character_set_results */ ;
/*!50003 SET @saved_col_connection = @@collation_connection */ ;
/*!50003 SET character_set_client  = utf8 */ ;
/*!50003 SET character_set_results = utf8 */ ;
/*!50003 SET collation_connection  = utf8_general_ci */ ;
/*!50003 SET @saved_sql_mode       = @@sql_mode */ ;
/*!50003 SET sql_mode              = 'NO_AUTO_VALUE_ON_ZERO' */ ;
DELIMITER ;;
CREATE DEFINER=`mc`@`%` PROCEDURE `menu_relocate`(IN f_lft INT, IN f_rgt INT, IN f_lev INT, IN t_lft INT, IN t_rgt INT, IN t_lev INT, OUT res INT)
BEGIN
DECLARE count_pos,mv_level,mv_pos INT DEFAULT 0;
DECLARE EXIT HANDLER FOR SQLWARNING ROLLBACK;
SET res=0;
START TRANSACTION;
IF f_lft<f_rgt AND t_lft<t_rgt AND (f_lft>t_rgt OR f_rgt<t_rgt) THEN
SET count_pos=f_rgt-f_lft+1;
SET mv_level=f_lev-t_lev-1;

IF f_lft>t_rgt THEN
SET mv_pos=f_lft-t_rgt+count_pos;
UPDATE `menu`
SET
m_rk = m_rk+count_pos,
m_lk = IF(m_lk > t_lft, m_lk+count_pos, m_lk)
WHERE m_rk >= t_rgt;
UPDATE `menu`
SET m_rk = m_rk - mv_pos
WHERE m_lk >= (f_lft + count_pos) AND m_rk <= (f_rgt + count_pos);
UPDATE `menu`
SET
m_lk = m_lk - mv_pos,
m_level = m_level - mv_level
WHERE m_lk >= (f_lft+count_pos) AND m_rk <= (t_rgt+count_pos);
UPDATE `menu`
SET
m_rk = m_rk - count_pos,
m_lk = IF(m_lk > (f_rgt+count_pos), m_lk - count_pos, m_lk)
WHERE m_rk > (f_rgt+count_pos);
ELSE
SET mv_pos = f_lft - t_rgt;
UPDATE `menu`
SET
m_rk = m_rk + count_pos,
m_lk = IF(m_lk > t_lft, m_lk + count_pos, m_lk)
WHERE m_rk >= t_rgt;
UPDATE `menu`
SET m_lk = m_lk - mv_pos
WHERE m_lk >= f_lft AND m_rk <= f_rgt;
UPDATE `menu`
SET
m_rk = m_rk - mv_pos,
m_level = m_level - mv_level
WHERE m_lk >= t_rgt AND m_rk <= f_rgt;
UPDATE `menu`
SET m_rk = m_rk - count_pos,
m_lk = IF(m_lk > f_rgt, m_lk - count_pos, m_lk)
WHERE m_rk>f_rgt;
END IF;
END IF;
SET res=1;
COMMIT;
END ;;
DELIMITER ;
/*!50003 SET sql_mode              = @saved_sql_mode */ ;
/*!50003 SET character_set_client  = @saved_cs_client */ ;
/*!50003 SET character_set_results = @saved_cs_results */ ;
/*!50003 SET collation_connection  = @saved_col_connection */ ;
/*!50003 DROP PROCEDURE IF EXISTS `menu_up` */;
/*!50003 SET @saved_cs_client      = @@character_set_client */ ;
/*!50003 SET @saved_cs_results     = @@character_set_results */ ;
/*!50003 SET @saved_col_connection = @@collation_connection */ ;
/*!50003 SET character_set_client  = utf8 */ ;
/*!50003 SET character_set_results = utf8 */ ;
/*!50003 SET collation_connection  = utf8_general_ci */ ;
/*!50003 SET @saved_sql_mode       = @@sql_mode */ ;
/*!50003 SET sql_mode              = 'NO_AUTO_VALUE_ON_ZERO' */ ;
DELIMITER ;;
CREATE DEFINER=`mc`@`%` PROCEDURE `menu_up`(IN p_id INT, OUT res INT)
BEGIN
DECLARE f_lft,f_rgt,f_lev,t_lft,t_rgt,t_lev INT DEFAULT 0;
SET res=0;
SELECT m_lk,m_rk,m_level
INTO f_lft,f_rgt,f_lev
FROM `menu`
WHERE m_id=p_id;
SELECT m_lk,m_rk,m_level
INTO t_lft,t_rgt,t_lev
FROM `menu`
WHERE m_lk<f_lft AND m_rk>f_rgt AND m_level<f_lev
ORDER BY m_level DESC
LIMIT 1;
IF t_rgt-t_lft>f_rgt-f_lft THEN
IF f_lft-1>t_lft THEN
SELECT m_lk,m_rk,m_level
INTO t_lft,t_rgt,t_lev
FROM `menu`
WHERE m_level=f_lev AND m_lk>t_lft AND m_rk<t_rgt AND m_rk<f_lft
ORDER BY m_rk DESC
LIMIT 1;
SET t_rgt=t_lft;
SET t_lft=t_lft-1;
ELSE
SELECT m_lk,m_rk,m_level
INTO t_lft,t_rgt,t_lev
FROM `menu`
WHERE m_level=f_lev AND m_lk>t_lft AND m_rk<t_rgt
ORDER BY m_rk DESC
LIMIT 1;
SET t_lft=t_rgt;
SET t_rgt=t_rgt+1;
END IF;
CALL `menu_relocate`(f_lft,f_rgt,f_lev,t_lft,t_rgt,t_lev-1,res);
END IF;
END ;;
DELIMITER ;
/*!50003 SET sql_mode              = @saved_sql_mode */ ;
/*!50003 SET character_set_client  = @saved_cs_client */ ;
/*!50003 SET character_set_results = @saved_cs_results */ ;
/*!50003 SET collation_connection  = @saved_col_connection */ ;
/*!50003 DROP PROCEDURE IF EXISTS `menu_update` */;
/*!50003 SET @saved_cs_client      = @@character_set_client */ ;
/*!50003 SET @saved_cs_results     = @@character_set_results */ ;
/*!50003 SET @saved_col_connection = @@collation_connection */ ;
/*!50003 SET character_set_client  = utf8 */ ;
/*!50003 SET character_set_results = utf8 */ ;
/*!50003 SET collation_connection  = utf8_general_ci */ ;
/*!50003 SET @saved_sql_mode       = @@sql_mode */ ;
/*!50003 SET sql_mode              = 'NO_AUTO_VALUE_ON_ZERO' */ ;
DELIMITER ;;
CREATE DEFINER=`mc`@`%` PROCEDURE `menu_update`(IN inMenuId INT, IN inMenuPid INT, IN inAfterId INT, IN inMenuPath VARCHAR(255), IN inMenuName VARCHAR(100), IN inMenuTitle TEXT, IN inMenuH1 TEXT, IN inMenuDesc TEXT, IN inCId INT, OUT res INT)
BEGIN
	DECLARE rPid, rId, rLk, rRk, bIntoSelf INT DEFAULT 0;
	
	DECLARE EXIT HANDLER FOR SQLWARNING ROLLBACK;
	SET res=0;
	
	
	SELECT 
	m_lk, m_rk INTO rLk, rRk
	FROM `menu`
	WHERE m_id = inMenuId;
	
	
	SELECT EXISTS (
		SELECT 1 
		FROM `menu`
		WHERE inMenuPid IN
		(
			SELECT m_id 
			FROM `menu`
			WHERE m_lk >= rLk
			AND m_rk <= rRk
		)
	) INTO bIntoSelf;
	
	START TRANSACTION;
	
	UPDATE `menu`
	SET
	m_path	= inMenuPath,
	m_name	= inMenuName,
	m_title	= inMenuTitle,
	m_h1	= inMenuH1,
	m_desc  = inMenuDesc,
	c_id	= inCId
	WHERE m_id = inMenuId;
	
	
	IF bIntoSelf=1 THEN
		SET res = 1;
		COMMIT;
	ELSE
		CALL menu_move(inMenuId, inMenuPid, res);
		
		IF res=1 THEN
			CALL menu_after(inMenuId, inAfterId, res);
			
		END IF;	
		
		IF res=0 THEN
		
			ROLLBACK;
		ELSE
			COMMIT;
		END IF;
	END IF;
END ;;
DELIMITER ;
/*!50003 SET sql_mode              = @saved_sql_mode */ ;
/*!50003 SET character_set_client  = @saved_cs_client */ ;
/*!50003 SET character_set_results = @saved_cs_results */ ;
/*!50003 SET collation_connection  = @saved_col_connection */ ;
/*!50003 DROP PROCEDURE IF EXISTS `role_after` */;
/*!50003 SET @saved_cs_client      = @@character_set_client */ ;
/*!50003 SET @saved_cs_results     = @@character_set_results */ ;
/*!50003 SET @saved_col_connection = @@collation_connection */ ;
/*!50003 SET character_set_client  = utf8 */ ;
/*!50003 SET character_set_results = utf8 */ ;
/*!50003 SET collation_connection  = utf8_general_ci */ ;
/*!50003 SET @saved_sql_mode       = @@sql_mode */ ;
/*!50003 SET sql_mode              = 'NO_AUTO_VALUE_ON_ZERO' */ ;
DELIMITER ;;
CREATE DEFINER=`mc`@`%` PROCEDURE `role_after`(IN f_id INT, IN t_id INT, OUT res INT)
BEGIN
DECLARE f_lft,f_rgt,f_lev,t_lft,t_rgt,t_lev,done INT DEFAULT 0;
DECLARE CONTINUE HANDLER FOR SQLSTATE '02000' SET done=1;
DECLARE EXIT HANDLER FOR SQLWARNING ROLLBACK;
SET res=0;
START TRANSACTION;
SET done=0;
SELECT rl_lk,rl_rk,rl_level
INTO f_lft,f_rgt,f_lev
FROM `roles`
WHERE rl_id=f_id;
IF t_id>0 THEN
SELECT rl_lk,rl_rk,rl_level
INTO t_lft,t_rgt,t_lev
FROM `roles`
WHERE rl_level=f_lev AND rl_id=t_id;
IF NOT done THEN
SELECT rl_lk,rl_rk,rl_level
INTO t_lft,t_rgt,t_lev
FROM `roles`
WHERE rl_level=f_lev AND rl_lk>t_rgt AND rl_rk>t_rgt
ORDER BY rl_lk ASC
LIMIT 1;
IF done THEN
SET t_lft = t_rgt+1;
SET t_rgt = t_lft+1;
SET done=0;
END IF;
END IF;
ELSE
SELECT rl_lk,rl_rk,rl_level
INTO t_lft,t_rgt,t_lev
FROM `roles`
WHERE rl_lk<f_lft AND rl_rk>f_rgt AND rl_level<f_lev
ORDER BY rl_level DESC
LIMIT 1;
IF NOT done THEN
SELECT rl_lk,rl_rk,rl_level
INTO t_lft,t_rgt,t_lev
FROM `roles`
WHERE rl_level=f_lev AND rl_lk>t_lft AND rl_rk<t_rgt
ORDER BY rl_lk ASC
LIMIT 1;
ELSE
SET done=0;
SELECT rl_lk,rl_rk,rl_level
INTO t_lft,t_rgt,t_lev
FROM `roles`
WHERE rl_level=f_lev
ORDER BY rl_lk ASC
LIMIT 1;
END IF;
END IF;
IF NOT done THEN
SET t_rgt=t_lft;
SET t_lft=t_lft-1;
CALL `role_relocate`(f_lft,f_rgt,f_lev,t_lft,t_rgt,t_lev-1,res);
END IF;
IF res=0 THEN
ROLLBACK;
ELSE
COMMIT;
END IF;
END ;;
DELIMITER ;
/*!50003 SET sql_mode              = @saved_sql_mode */ ;
/*!50003 SET character_set_client  = @saved_cs_client */ ;
/*!50003 SET character_set_results = @saved_cs_results */ ;
/*!50003 SET collation_connection  = @saved_col_connection */ ;
/*!50003 DROP PROCEDURE IF EXISTS `role_create` */;
/*!50003 SET @saved_cs_client      = @@character_set_client */ ;
/*!50003 SET @saved_cs_results     = @@character_set_results */ ;
/*!50003 SET @saved_col_connection = @@collation_connection */ ;
/*!50003 SET character_set_client  = utf8 */ ;
/*!50003 SET character_set_results = utf8 */ ;
/*!50003 SET collation_connection  = utf8_general_ci */ ;
/*!50003 SET @saved_sql_mode       = @@sql_mode */ ;
/*!50003 SET sql_mode              = 'NO_AUTO_VALUE_ON_ZERO' */ ;
DELIMITER ;;
CREATE DEFINER=`mc`@`%` PROCEDURE `role_create`(IN inRolePid INT, IN inAfterId INT, IN inRolePath VARCHAR(255), IN inRoleName VARCHAR(100), IN inRoleDesc TEXT, OUT last_ins_id INT)
BEGIN
	DECLARE i_level INT DEFAULT 1;
	DECLARE i_right_key INT DEFAULT 1;
	DECLARE res INT DEFAULT 0;
	DECLARE EXIT HANDLER FOR SQLWARNING ROLLBACK;
	 
	SET last_ins_id=0;
	SET res=0;
	START TRANSACTION;
	
	SELECT IF(ISNULL(MAX(rl_rk)+1), 1, MAX(rl_rk)+1 ) INTO i_right_key
	FROM `roles`;
	
	INSERT INTO `roles`
	SET 
	rl_level	= i_level, 
	rl_lk	= i_right_key, 
	rl_rk	= i_right_key + 1,
	rl_path	= inRolePath,
	rl_name	= inRoleName,
	rl_desc  = inRoleDesc;
	
	SELECT LAST_INSERT_ID() INTO last_ins_id;
	
	IF last_ins_id>0 THEN
		CALL `role_move`(last_ins_id, inRolePid, res);
		IF res=1 THEN
			CALL `role_after`(last_ins_id, inAfterId, res);
		END IF;	
		
		IF res=0 THEN
			ROLLBACK;
			SET last_ins_id=0;
		ELSE
			COMMIT;
		END IF;
	ELSE 
		ROLLBACK;
	END IF;
END ;;
DELIMITER ;
/*!50003 SET sql_mode              = @saved_sql_mode */ ;
/*!50003 SET character_set_client  = @saved_cs_client */ ;
/*!50003 SET character_set_results = @saved_cs_results */ ;
/*!50003 SET collation_connection  = @saved_col_connection */ ;
/*!50003 DROP PROCEDURE IF EXISTS `role_down` */;
/*!50003 SET @saved_cs_client      = @@character_set_client */ ;
/*!50003 SET @saved_cs_results     = @@character_set_results */ ;
/*!50003 SET @saved_col_connection = @@collation_connection */ ;
/*!50003 SET character_set_client  = utf8 */ ;
/*!50003 SET character_set_results = utf8 */ ;
/*!50003 SET collation_connection  = utf8_general_ci */ ;
/*!50003 SET @saved_sql_mode       = @@sql_mode */ ;
/*!50003 SET sql_mode              = 'NO_AUTO_VALUE_ON_ZERO' */ ;
DELIMITER ;;
CREATE DEFINER=`mc`@`%` PROCEDURE `role_down`(IN p_id INT, OUT res INT)
BEGIN
DECLARE f_lft,f_rgt,f_lev,t_lft,t_rgt,t_lev INT DEFAULT 0;
SET res=0;
SELECT rl_lk,i_rl_rk,rl_level
INTO f_lft,f_rgt,f_lev
FROM `roles`
WHERE rl_id=p_id;
SELECT rl_lk,rl_rk,rl_level
INTO t_lft,t_rgt,t_lev
FROM `roles`
WHERE rl_lk<f_lft AND rl_rk>f_rgt AND rl_level<f_lev
ORDER BY rl_level DESC
LIMIT 1;
IF t_rgt-t_lft>f_rgt-f_lft THEN
IF f_rgt+1<t_rgt THEN
SELECT rl_lk,rl_rk,rl_level
INTO t_lft,t_rgt,t_lev
FROM `roles`
WHERE rl_level=f_lev AND rl_lk>t_lft AND rl_rk<t_rgt AND rl_lk>f_rgt
ORDER BY rl_lk ASC
LIMIT 1;
SET t_lft=t_rgt;
SET t_rgt=t_rgt+1;
ELSE
SELECT rl_lk,rl_rk,rl_level
INTO t_lft,t_rgt,t_lev
FROM `roles`
WHERE rl_level=f_lev AND rl_lk>t_lft AND rl_rk<t_rgt
ORDER BY rl_lk ASC
LIMIT 1;
SET t_rgt=t_lft;
SET t_lft=t_lft-1;
END IF;
CALL `role_relocate`(f_lft,f_rgt,f_lev,t_lft,t_rgt,t_lev-1,res);
END IF;
END ;;
DELIMITER ;
/*!50003 SET sql_mode              = @saved_sql_mode */ ;
/*!50003 SET character_set_client  = @saved_cs_client */ ;
/*!50003 SET character_set_results = @saved_cs_results */ ;
/*!50003 SET collation_connection  = @saved_col_connection */ ;
/*!50003 DROP PROCEDURE IF EXISTS `role_move` */;
/*!50003 SET @saved_cs_client      = @@character_set_client */ ;
/*!50003 SET @saved_cs_results     = @@character_set_results */ ;
/*!50003 SET @saved_col_connection = @@collation_connection */ ;
/*!50003 SET character_set_client  = utf8 */ ;
/*!50003 SET character_set_results = utf8 */ ;
/*!50003 SET collation_connection  = utf8_general_ci */ ;
/*!50003 SET @saved_sql_mode       = @@sql_mode */ ;
/*!50003 SET sql_mode              = 'NO_AUTO_VALUE_ON_ZERO' */ ;
DELIMITER ;;
CREATE DEFINER=`mc`@`%` PROCEDURE `role_move`(IN f_id INT, IN t_id INT, OUT res INT)
BEGIN
  DECLARE f_lft
  , f_rgt
  , f_lev
  , t_lft
  , t_rgt
  , t_lev
  , done INT DEFAULT 0 ;
  DECLARE CONTINUE HANDLER FOR SQLSTATE '02000' SET done = 1 ;
  DECLARE EXIT HANDLER FOR SQLWARNING ROLLBACK ;
  SET res = 0 ;
  SET max_sp_recursion_depth = 1 ;
  START TRANSACTION ;
  SET done = 0 ;
  SELECT 
    rl_lk
    , rl_rk
    , rl_level INTO f_lft
    , f_rgt
    , f_lev 
  FROM
    `roles` 
  WHERE rl_id = f_id ;
  IF t_id = 0 
  THEN 
  SELECT 
    IFNULL(MIN(rl_lk), 1) - 1
    , IFNULL(MAX(rl_rk), 2) + 1
    , 0 INTO t_lft
    , t_rgt
    , t_lev 
  FROM
    `roles` ;
  ELSE 
  SELECT 
    rl_lk
    , rl_rk
    , rl_level INTO t_lft
    , t_rgt
    , t_lev 
  FROM
    `roles` 
  WHERE rl_id = t_id ;
  END IF ;
  IF NOT done 
  THEN 
  UPDATE 
    `roles` 
  SET
    rl_pid = t_id 
  WHERE rl_id = f_id ;
  CALL `role_relocate` (
    f_lft
    , f_rgt
    , f_lev
    , t_lft
    , t_rgt
    , t_lev
    , res
  ) ;
  END IF ;
  IF res = 0 
  THEN ROLLBACK ;
  ELSE COMMIT ;
  END IF ;
END ;;
DELIMITER ;
/*!50003 SET sql_mode              = @saved_sql_mode */ ;
/*!50003 SET character_set_client  = @saved_cs_client */ ;
/*!50003 SET character_set_results = @saved_cs_results */ ;
/*!50003 SET collation_connection  = @saved_col_connection */ ;
/*!50003 DROP PROCEDURE IF EXISTS `role_relocate` */;
/*!50003 SET @saved_cs_client      = @@character_set_client */ ;
/*!50003 SET @saved_cs_results     = @@character_set_results */ ;
/*!50003 SET @saved_col_connection = @@collation_connection */ ;
/*!50003 SET character_set_client  = utf8 */ ;
/*!50003 SET character_set_results = utf8 */ ;
/*!50003 SET collation_connection  = utf8_general_ci */ ;
/*!50003 SET @saved_sql_mode       = @@sql_mode */ ;
/*!50003 SET sql_mode              = 'NO_AUTO_VALUE_ON_ZERO' */ ;
DELIMITER ;;
CREATE DEFINER=`mc`@`%` PROCEDURE `role_relocate`(IN f_lft INT, IN f_rgt INT, IN f_lev INT, IN t_lft INT, IN t_rgt INT, IN t_lev INT, OUT res INT)
BEGIN
DECLARE count_pos,mv_level,mv_pos INT DEFAULT 0;
DECLARE EXIT HANDLER FOR SQLWARNING ROLLBACK;
SET res=0;
START TRANSACTION;
IF f_lft<f_rgt AND t_lft<t_rgt AND (f_lft>t_rgt OR f_rgt<t_rgt) THEN
SET count_pos=f_rgt-f_lft+1;
SET mv_level=f_lev-t_lev-1;

IF f_lft>t_rgt THEN
SET mv_pos=f_lft-t_rgt+count_pos;
UPDATE `roles`
SET
rl_rk = rl_rk+count_pos,
rl_lk = IF(rl_lk > t_lft, rl_lk+count_pos, rl_lk)
WHERE rl_rk >= t_rgt;
UPDATE `roles`
SET rl_rk = rl_rk - mv_pos
WHERE rl_lk >= (f_lft + count_pos) AND rl_rk <= (f_rgt + count_pos);
UPDATE `roles`
SET
rl_lk = rl_lk - mv_pos,
rl_level = rl_level - mv_level
WHERE rl_lk >= (f_lft+count_pos) AND rl_rk <= (t_rgt+count_pos);
UPDATE `roles`
SET
rl_rk = rl_rk - count_pos,
rl_lk = IF(rl_lk > (f_rgt+count_pos), rl_lk - count_pos, rl_lk)
WHERE rl_rk > (f_rgt+count_pos);
ELSE
SET mv_pos = f_lft - t_rgt;
UPDATE `roles`
SET
rl_rk = rl_rk + count_pos,
rl_lk = IF(rl_lk > t_lft, rl_lk + count_pos, rl_lk)
WHERE rl_rk >= t_rgt;
UPDATE `roles`
SET rl_lk = rl_lk - mv_pos
WHERE rl_lk >= f_lft AND rl_rk <= f_rgt;
UPDATE `roles`
SET
rl_rk = rl_rk - mv_pos,
rl_level = rl_level - mv_level
WHERE rl_lk >= t_rgt AND rl_rk <= f_rgt;
UPDATE `roles`
SET rl_rk = rl_rk - count_pos,
rl_lk = IF(rl_lk > f_rgt, rl_lk - count_pos, rl_lk)
WHERE rl_rk>f_rgt;
END IF;
END IF;
SET res=1;
COMMIT;
END ;;
DELIMITER ;
/*!50003 SET sql_mode              = @saved_sql_mode */ ;
/*!50003 SET character_set_client  = @saved_cs_client */ ;
/*!50003 SET character_set_results = @saved_cs_results */ ;
/*!50003 SET collation_connection  = @saved_col_connection */ ;
/*!50003 DROP PROCEDURE IF EXISTS `role_up` */;
/*!50003 SET @saved_cs_client      = @@character_set_client */ ;
/*!50003 SET @saved_cs_results     = @@character_set_results */ ;
/*!50003 SET @saved_col_connection = @@collation_connection */ ;
/*!50003 SET character_set_client  = utf8 */ ;
/*!50003 SET character_set_results = utf8 */ ;
/*!50003 SET collation_connection  = utf8_general_ci */ ;
/*!50003 SET @saved_sql_mode       = @@sql_mode */ ;
/*!50003 SET sql_mode              = 'NO_AUTO_VALUE_ON_ZERO' */ ;
DELIMITER ;;
CREATE DEFINER=`mc`@`%` PROCEDURE `role_up`(IN p_id INT, OUT res INT)
BEGIN
DECLARE f_lft,f_rgt,f_lev,t_lft,t_rgt,t_lev INT DEFAULT 0;
SET res=0;
SELECT rl_lk,rl_rk,rl_level
INTO f_lft,f_rgt,f_lev
FROM `roles`
WHERE rl_id=p_id;
SELECT rl_lk,rl_rk,rl_level
INTO t_lft,t_rgt,t_lev
FROM `roles`
WHERE rl_lk<f_lft AND rl_rk>f_rgt AND rl_level<f_lev
ORDER BY rl_level DESC
LIMIT 1;
IF t_rgt-t_lft>f_rgt-f_lft THEN
IF f_lft-1>t_lft THEN
SELECT rl_lk,rl_rk,rl_level
INTO t_lft,t_rgt,t_lev
FROM `roles`
WHERE rl_level=f_lev AND rl_lk>t_lft AND rl_rk<t_rgt AND rl_rk<f_lft
ORDER BY rl_rk DESC
LIMIT 1;
SET t_rgt=t_lft;
SET t_lft=t_lft-1;
ELSE
SELECT rl_lk,rl_rk,rl_level
INTO t_lft,t_rgt,t_lev
FROM `roles`
WHERE rl_level=f_lev AND rl_lk>t_lft AND rl_rk<t_rgt
ORDER BY rl_rk DESC
LIMIT 1;
SET t_lft=t_rgt;
SET t_rgt=t_rgt+1;
END IF;
CALL `role_relocate`(f_lft,f_rgt,f_lev,t_lft,t_rgt,t_lev-1,res);
END IF;
END ;;
DELIMITER ;
/*!50003 SET sql_mode              = @saved_sql_mode */ ;
/*!50003 SET character_set_client  = @saved_cs_client */ ;
/*!50003 SET character_set_results = @saved_cs_results */ ;
/*!50003 SET collation_connection  = @saved_col_connection */ ;
/*!50003 DROP PROCEDURE IF EXISTS `role_update` */;
/*!50003 SET @saved_cs_client      = @@character_set_client */ ;
/*!50003 SET @saved_cs_results     = @@character_set_results */ ;
/*!50003 SET @saved_col_connection = @@collation_connection */ ;
/*!50003 SET character_set_client  = utf8 */ ;
/*!50003 SET character_set_results = utf8 */ ;
/*!50003 SET collation_connection  = utf8_general_ci */ ;
/*!50003 SET @saved_sql_mode       = @@sql_mode */ ;
/*!50003 SET sql_mode              = 'NO_AUTO_VALUE_ON_ZERO' */ ;
DELIMITER ;;
CREATE DEFINER=`mc`@`%` PROCEDURE `role_update`(IN inRoleId INT, IN inRolePid INT, IN inAfterId INT, IN inRolePath VARCHAR(255), IN inRoleName VARCHAR(100), IN inRoleDesc TEXT, OUT res INT)
BEGIN
	DECLARE rPid, rId, rLk, rRk, bIntoSelf INT DEFAULT 0;
	
	DECLARE EXIT HANDLER FOR SQLWARNING ROLLBACK;
	SET res=0;
	
	
	SELECT 
	rl_lk, rl_rk INTO rLk, rRk
	FROM `roles`
	WHERE rl_id = inRoleId;
	
	
	SELECT EXISTS (
		SELECT 1 
		FROM `roles`
		WHERE inRolePid IN
		(SELECT rl_id 
		FROM `roles`
		WHERE rl_lk >= rLk
		AND rl_rk <= rRk)
	) INTO bIntoSelf;
	
	START TRANSACTION;
	
	UPDATE `roles`
	SET
	rl_path	= inRolePath,
	rl_name	= inRoleName,
	rl_desc  = inRoleDesc
	WHERE rl_id = inRoleId;
	
	
	IF bIntoSelf=1 THEN
		SET res = 1;
		COMMIT;
	ELSE
		CALL menu_move(inRoleId, inRolePid, res);
		
		IF res=1 THEN
			CALL menu_after(inRoleId, inAfterId, res);
			
		END IF;	
		
		IF res=0 THEN
		
			ROLLBACK;
		ELSE
			COMMIT;
		END IF;
	END IF;
END ;;
DELIMITER ;
/*!50003 SET sql_mode              = @saved_sql_mode */ ;
/*!50003 SET character_set_client  = @saved_cs_client */ ;
/*!50003 SET character_set_results = @saved_cs_results */ ;
/*!50003 SET collation_connection  = @saved_col_connection */ ;
/*!50003 DROP PROCEDURE IF EXISTS `router_after` */;
/*!50003 SET @saved_cs_client      = @@character_set_client */ ;
/*!50003 SET @saved_cs_results     = @@character_set_results */ ;
/*!50003 SET @saved_col_connection = @@collation_connection */ ;
/*!50003 SET character_set_client  = utf8 */ ;
/*!50003 SET character_set_results = utf8 */ ;
/*!50003 SET collation_connection  = utf8_general_ci */ ;
/*!50003 SET @saved_sql_mode       = @@sql_mode */ ;
/*!50003 SET sql_mode              = 'NO_AUTO_VALUE_ON_ZERO' */ ;
DELIMITER ;;
CREATE DEFINER=`mc`@`%` PROCEDURE `router_after`(IN f_id INT, IN t_id INT, OUT res INT)
BEGIN
DECLARE f_lft,f_rgt,f_lev,t_lft,t_rgt,t_lev,done INT DEFAULT 0;
DECLARE CONTINUE HANDLER FOR SQLSTATE '02000' SET done=1;
DECLARE EXIT HANDLER FOR SQLWARNING ROLLBACK;
SET res=0;
START TRANSACTION;
SET done=0;
SELECT r_lk,r_rk,r_level
INTO f_lft,f_rgt,f_lev
FROM `routers`
WHERE r_id=f_id;
IF t_id>0 THEN
SELECT r_lk,r_rk,r_level
INTO t_lft,t_rgt,t_lev
FROM `routers`
WHERE r_level=f_lev AND r_id=t_id;
IF NOT done THEN
SELECT r_lk,r_rk,r_level
INTO t_lft,t_rgt,t_lev
FROM `routers`
WHERE r_level=f_lev AND r_lk>t_rgt AND r_rk>t_rgt
ORDER BY r_lk ASC
LIMIT 1;
IF done THEN
SET t_lft = t_rgt+1;
SET t_rgt = t_lft+1;
SET done=0;
END IF;
END IF;
ELSE
SELECT r_lk,r_rk,r_level
INTO t_lft,t_rgt,t_lev
FROM `routers`
WHERE r_lk<f_lft AND r_rk>f_rgt AND r_level<f_lev
ORDER BY r_level DESC
LIMIT 1;
IF NOT done THEN
SELECT r_lk,r_rk,r_level
INTO t_lft,t_rgt,t_lev
FROM `routers`
WHERE r_level=f_lev AND r_lk>t_lft AND r_rk<t_rgt
ORDER BY r_lk ASC
LIMIT 1;
ELSE
SET done=0;
SELECT r_lk,r_rk,r_level
INTO t_lft,t_rgt,t_lev
FROM `routers`
WHERE r_level=f_lev
ORDER BY r_lk ASC
LIMIT 1;
END IF;
END IF;
IF NOT done THEN
SET t_rgt=t_lft;
SET t_lft=t_lft-1;
CALL `router_relocate`(f_lft,f_rgt,f_lev,t_lft,t_rgt,t_lev-1,res);
END IF;
IF res=0 THEN
ROLLBACK;
ELSE
COMMIT;
END IF;
END ;;
DELIMITER ;
/*!50003 SET sql_mode              = @saved_sql_mode */ ;
/*!50003 SET character_set_client  = @saved_cs_client */ ;
/*!50003 SET character_set_results = @saved_cs_results */ ;
/*!50003 SET collation_connection  = @saved_col_connection */ ;
/*!50003 DROP PROCEDURE IF EXISTS `router_create` */;
/*!50003 SET @saved_cs_client      = @@character_set_client */ ;
/*!50003 SET @saved_cs_results     = @@character_set_results */ ;
/*!50003 SET @saved_col_connection = @@collation_connection */ ;
/*!50003 SET character_set_client  = utf8 */ ;
/*!50003 SET character_set_results = utf8 */ ;
/*!50003 SET collation_connection  = utf8_general_ci */ ;
/*!50003 SET @saved_sql_mode       = @@sql_mode */ ;
/*!50003 SET sql_mode              = 'NO_AUTO_VALUE_ON_ZERO' */ ;
DELIMITER ;;
CREATE DEFINER=`mc`@`%` PROCEDURE `router_create`(IN inRouterPid INT, IN inAfterId INT, IN inRouterPath VARCHAR(255), IN inRouterName VARCHAR(100), IN inRouterDesc TEXT, OUT last_ins_id INT)
BEGIN
	DECLARE i_level INT DEFAULT 1;
	DECLARE i_right_key INT DEFAULT 1;
	DECLARE res INT DEFAULT 0;
	DECLARE EXIT HANDLER FOR SQLWARNING ROLLBACK;
	 
	SET last_ins_id=0;
	SET res=0;
	START TRANSACTION;
	
	SELECT IF(ISNULL(MAX(r_rk)+1), 1, MAX(r_rk)+1 ) INTO i_right_key
	FROM `routers`;
	INSERT INTO `routers`
	SET 
	r_level	= i_level, 
	r_lk	= i_right_key, 
	r_rk	= i_right_key + 1,
	r_path	= inRouterPath,
	r_name	= inRouterName,
	r_desc  = inRouterDesc;
	
	SELECT LAST_INSERT_ID() INTO last_ins_id;
	
	IF last_ins_id>0 THEN
		CALL router_move(last_ins_id, inRouterPid, res);
		IF res=1 THEN
			CALL router_after(last_ins_id, inAfterId, res);
		END IF;	
		
		IF res=0 THEN
			ROLLBACK;
			SET last_ins_id=0;
		ELSE
			COMMIT;
		END IF;
	ELSE 
		ROLLBACK;
	END IF;
END ;;
DELIMITER ;
/*!50003 SET sql_mode              = @saved_sql_mode */ ;
/*!50003 SET character_set_client  = @saved_cs_client */ ;
/*!50003 SET character_set_results = @saved_cs_results */ ;
/*!50003 SET collation_connection  = @saved_col_connection */ ;
/*!50003 DROP PROCEDURE IF EXISTS `router_down` */;
/*!50003 SET @saved_cs_client      = @@character_set_client */ ;
/*!50003 SET @saved_cs_results     = @@character_set_results */ ;
/*!50003 SET @saved_col_connection = @@collation_connection */ ;
/*!50003 SET character_set_client  = utf8 */ ;
/*!50003 SET character_set_results = utf8 */ ;
/*!50003 SET collation_connection  = utf8_general_ci */ ;
/*!50003 SET @saved_sql_mode       = @@sql_mode */ ;
/*!50003 SET sql_mode              = 'NO_AUTO_VALUE_ON_ZERO' */ ;
DELIMITER ;;
CREATE DEFINER=`mc`@`%` PROCEDURE `router_down`(IN p_id INT, OUT res INT)
BEGIN
DECLARE f_lft,f_rgt,f_lev,t_lft,t_rgt,t_lev INT DEFAULT 0;
SET res=0;
SELECT r_lk,i_r_rk,r_level
INTO f_lft,f_rgt,f_lev
FROM `routers`
WHERE r_id=p_id;
SELECT r_lk,r_rk,r_level
INTO t_lft,t_rgt,t_lev
FROM `routers`
WHERE r_lk<f_lft AND r_rk>f_rgt AND r_level<f_lev
ORDER BY r_level DESC
LIMIT 1;
IF t_rgt-t_lft>f_rgt-f_lft THEN
IF f_rgt+1<t_rgt THEN
SELECT r_lk,r_rk,r_level
INTO t_lft,t_rgt,t_lev
FROM `routers`
WHERE r_level=f_lev AND r_lk>t_lft AND r_rk<t_rgt AND r_lk>f_rgt
ORDER BY r_lk ASC
LIMIT 1;
SET t_lft=t_rgt;
SET t_rgt=t_rgt+1;
ELSE
SELECT r_lk,r_rk,r_level
INTO t_lft,t_rgt,t_lev
FROM `routers`
WHERE r_level=f_lev AND r_lk>t_lft AND r_rk<t_rgt
ORDER BY r_lk ASC
LIMIT 1;
SET t_rgt=t_lft;
SET t_lft=t_lft-1;
END IF;
CALL `router_relocate`(f_lft,f_rgt,f_lev,t_lft,t_rgt,t_lev-1,res);
END IF;
END ;;
DELIMITER ;
/*!50003 SET sql_mode              = @saved_sql_mode */ ;
/*!50003 SET character_set_client  = @saved_cs_client */ ;
/*!50003 SET character_set_results = @saved_cs_results */ ;
/*!50003 SET collation_connection  = @saved_col_connection */ ;
/*!50003 DROP PROCEDURE IF EXISTS `router_method_create` */;
/*!50003 SET @saved_cs_client      = @@character_set_client */ ;
/*!50003 SET @saved_cs_results     = @@character_set_results */ ;
/*!50003 SET @saved_col_connection = @@collation_connection */ ;
/*!50003 SET character_set_client  = utf8 */ ;
/*!50003 SET character_set_results = utf8 */ ;
/*!50003 SET collation_connection  = utf8_general_ci */ ;
/*!50003 SET @saved_sql_mode       = @@sql_mode */ ;
/*!50003 SET sql_mode              = 'NO_AUTO_VALUE_ON_ZERO' */ ;
DELIMITER ;;
CREATE DEFINER=`mc`@`%` PROCEDURE `router_method_create`(IN rmMethod VARCHAR(33), OUT rmId INT)
BEGIN
    
	DECLARE ER_DUP_ENTRY, done INT DEFAULT 0 ;
  
	DECLARE CONTINUE HANDLER FOR SQLSTATE '02000' SET done = 1; 
	DECLARE CONTINUE HANDLER FOR SQLSTATE '23000' SET ER_DUP_ENTRY = 1;
	DECLARE EXIT HANDLER FOR SQLWARNING ROLLBACK ;
	
	START TRANSACTION ;
	SET ER_DUP_ENTRY = 0;
	
	SELECT rm_id INTO rmId 
	FROM `router_methods`
	WHERE rm_method = rmMethod;
		
	IF done = 1 THEN
		INSERT INTO `router_methods`
		SET rm_method = rmMethod;
		
		SET rmId = last_insert_id();
	END IF;
	
	COMMIT;
    END ;;
DELIMITER ;
/*!50003 SET sql_mode              = @saved_sql_mode */ ;
/*!50003 SET character_set_client  = @saved_cs_client */ ;
/*!50003 SET character_set_results = @saved_cs_results */ ;
/*!50003 SET collation_connection  = @saved_col_connection */ ;
/*!50003 DROP PROCEDURE IF EXISTS `router_method_del` */;
/*!50003 SET @saved_cs_client      = @@character_set_client */ ;
/*!50003 SET @saved_cs_results     = @@character_set_results */ ;
/*!50003 SET @saved_col_connection = @@collation_connection */ ;
/*!50003 SET character_set_client  = utf8 */ ;
/*!50003 SET character_set_results = utf8 */ ;
/*!50003 SET collation_connection  = utf8_general_ci */ ;
/*!50003 SET @saved_sql_mode       = @@sql_mode */ ;
/*!50003 SET sql_mode              = 'NO_AUTO_VALUE_ON_ZERO' */ ;
DELIMITER ;;
CREATE DEFINER=`mc`@`%` PROCEDURE `router_method_del`(IN rId INT, IN rmId INT)
BEGIN
	DECLARE rvsmId INT DEFAULT 0 ;
	START TRANSACTION ;
	select rvsm_id INTO rvsmId
	FROM `routers_vs_methods`
	WHERE r_id = rId AND rm_id = rmId;
	
	DELETE FROM `routers_vs_methods`
	WHERE rvsm_id = rvsmId;
	DELETE FROM `roles_routers_methods`
	WHERE rvsm_id = rvsmId;
	COMMIT;
    END ;;
DELIMITER ;
/*!50003 SET sql_mode              = @saved_sql_mode */ ;
/*!50003 SET character_set_client  = @saved_cs_client */ ;
/*!50003 SET character_set_results = @saved_cs_results */ ;
/*!50003 SET collation_connection  = @saved_col_connection */ ;
/*!50003 DROP PROCEDURE IF EXISTS `router_move` */;
/*!50003 SET @saved_cs_client      = @@character_set_client */ ;
/*!50003 SET @saved_cs_results     = @@character_set_results */ ;
/*!50003 SET @saved_col_connection = @@collation_connection */ ;
/*!50003 SET character_set_client  = utf8 */ ;
/*!50003 SET character_set_results = utf8 */ ;
/*!50003 SET collation_connection  = utf8_general_ci */ ;
/*!50003 SET @saved_sql_mode       = @@sql_mode */ ;
/*!50003 SET sql_mode              = 'NO_AUTO_VALUE_ON_ZERO' */ ;
DELIMITER ;;
CREATE DEFINER=`mc`@`%` PROCEDURE `router_move`(IN f_id INT, IN t_id INT, OUT res INT)
BEGIN
DECLARE f_lft,f_rgt,f_lev,t_lft,t_rgt,t_lev,done INT DEFAULT 0;
DECLARE CONTINUE HANDLER FOR SQLSTATE '02000' SET done=1;
DECLARE EXIT HANDLER FOR SQLWARNING ROLLBACK;
SET res=0;
SET max_sp_recursion_depth=1;
START TRANSACTION;
SET done=0;
SELECT r_lk,r_rk,r_level
INTO f_lft,f_rgt,f_lev
FROM `routers`
WHERE r_id=f_id;
IF t_id=0 THEN
SELECT IFNULL(MIN(r_lk),1)-1,IFNULL(MAX(r_rk),2)+1,0
INTO t_lft,t_rgt,t_lev
FROM `routers`;
ELSE
SELECT r_lk,r_rk,r_level
INTO t_lft,t_rgt,t_lev
FROM `routers`
WHERE r_id=t_id;
END IF;
IF NOT done THEN
UPDATE `routers`
SET r_pid=t_id
WHERE r_id=f_id;
CALL `router_relocate`(f_lft,f_rgt,f_lev,t_lft,t_rgt,t_lev,res);
END IF;
IF res=0 THEN
ROLLBACK;
ELSE
COMMIT;
END IF;
END ;;
DELIMITER ;
/*!50003 SET sql_mode              = @saved_sql_mode */ ;
/*!50003 SET character_set_client  = @saved_cs_client */ ;
/*!50003 SET character_set_results = @saved_cs_results */ ;
/*!50003 SET collation_connection  = @saved_col_connection */ ;
/*!50003 DROP PROCEDURE IF EXISTS `router_relocate` */;
/*!50003 SET @saved_cs_client      = @@character_set_client */ ;
/*!50003 SET @saved_cs_results     = @@character_set_results */ ;
/*!50003 SET @saved_col_connection = @@collation_connection */ ;
/*!50003 SET character_set_client  = utf8 */ ;
/*!50003 SET character_set_results = utf8 */ ;
/*!50003 SET collation_connection  = utf8_general_ci */ ;
/*!50003 SET @saved_sql_mode       = @@sql_mode */ ;
/*!50003 SET sql_mode              = 'NO_AUTO_VALUE_ON_ZERO' */ ;
DELIMITER ;;
CREATE DEFINER=`mc`@`%` PROCEDURE `router_relocate`(IN f_lft INT, IN f_rgt INT, IN f_lev INT, IN t_lft INT, IN t_rgt INT, IN t_lev INT, OUT res INT)
BEGIN
DECLARE count_pos,mv_level,mv_pos INT DEFAULT 0;
DECLARE EXIT HANDLER FOR SQLWARNING ROLLBACK;
SET res=0;
START TRANSACTION;
IF f_lft<f_rgt AND t_lft<t_rgt AND (f_lft>t_rgt OR f_rgt<t_rgt) THEN
SET count_pos=f_rgt-f_lft+1;
SET mv_level=f_lev-t_lev-1;

IF f_lft>t_rgt THEN
SET mv_pos=f_lft-t_rgt+count_pos;
UPDATE `routers`
SET
r_rk = r_rk+count_pos,
r_lk = IF(r_lk > t_lft, r_lk+count_pos, r_lk)
WHERE r_rk >= t_rgt;
UPDATE `routers`
SET r_rk = r_rk - mv_pos
WHERE r_lk >= (f_lft + count_pos) AND r_rk <= (f_rgt + count_pos);
UPDATE `routers`
SET
r_lk = r_lk - mv_pos,
r_level = r_level - mv_level
WHERE r_lk >= (f_lft+count_pos) AND r_rk <= (t_rgt+count_pos);
UPDATE `routers`
SET
r_rk = r_rk - count_pos,
r_lk = IF(r_lk > (f_rgt+count_pos), r_lk - count_pos, r_lk)
WHERE r_rk > (f_rgt+count_pos);
ELSE
SET mv_pos = f_lft - t_rgt;
UPDATE `routers`
SET
r_rk = r_rk + count_pos,
r_lk = IF(r_lk > t_lft, r_lk + count_pos, r_lk)
WHERE r_rk >= t_rgt;
UPDATE `routers`
SET r_lk = r_lk - mv_pos
WHERE r_lk >= f_lft AND r_rk <= f_rgt;
UPDATE `routers`
SET
r_rk = r_rk - mv_pos,
r_level = r_level - mv_level
WHERE r_lk >= t_rgt AND r_rk <= f_rgt;
UPDATE `routers`
SET r_rk = r_rk - count_pos,
r_lk = IF(r_lk > f_rgt, r_lk - count_pos, r_lk)
WHERE r_rk>f_rgt;
END IF;
END IF;
SET res=1;
COMMIT;
END ;;
DELIMITER ;
/*!50003 SET sql_mode              = @saved_sql_mode */ ;
/*!50003 SET character_set_client  = @saved_cs_client */ ;
/*!50003 SET character_set_results = @saved_cs_results */ ;
/*!50003 SET collation_connection  = @saved_col_connection */ ;
/*!50003 DROP PROCEDURE IF EXISTS `router_up` */;
/*!50003 SET @saved_cs_client      = @@character_set_client */ ;
/*!50003 SET @saved_cs_results     = @@character_set_results */ ;
/*!50003 SET @saved_col_connection = @@collation_connection */ ;
/*!50003 SET character_set_client  = utf8 */ ;
/*!50003 SET character_set_results = utf8 */ ;
/*!50003 SET collation_connection  = utf8_general_ci */ ;
/*!50003 SET @saved_sql_mode       = @@sql_mode */ ;
/*!50003 SET sql_mode              = 'NO_AUTO_VALUE_ON_ZERO' */ ;
DELIMITER ;;
CREATE DEFINER=`mc`@`%` PROCEDURE `router_up`(IN p_id INT, OUT res INT)
BEGIN
DECLARE f_lft,f_rgt,f_lev,t_lft,t_rgt,t_lev INT DEFAULT 0;
SET res=0;
SELECT r_lk,r_rk,r_level
INTO f_lft,f_rgt,f_lev
FROM `routers`
WHERE r_id=p_id;
SELECT r_lk,r_rk,r_level
INTO t_lft,t_rgt,t_lev
FROM `routers`
WHERE r_lk<f_lft AND r_rk>f_rgt AND r_level<f_lev
ORDER BY r_level DESC
LIMIT 1;
IF t_rgt-t_lft>f_rgt-f_lft THEN
IF f_lft-1>t_lft THEN
SELECT r_lk,r_rk,r_level
INTO t_lft,t_rgt,t_lev
FROM `routers`
WHERE r_level=f_lev AND r_lk>t_lft AND r_rk<t_rgt AND r_rk<f_lft
ORDER BY r_rk DESC
LIMIT 1;
SET t_rgt=t_lft;
SET t_lft=t_lft-1;
ELSE
SELECT r_lk,r_rk,r_level
INTO t_lft,t_rgt,t_lev
FROM `routers`
WHERE r_level=f_lev AND r_lk>t_lft AND r_rk<t_rgt
ORDER BY r_rk DESC
LIMIT 1;
SET t_lft=t_rgt;
SET t_rgt=t_rgt+1;
END IF;
CALL `router_relocate`(f_lft,f_rgt,f_lev,t_lft,t_rgt,t_lev-1,res);
END IF;
END ;;
DELIMITER ;
/*!50003 SET sql_mode              = @saved_sql_mode */ ;
/*!50003 SET character_set_client  = @saved_cs_client */ ;
/*!50003 SET character_set_results = @saved_cs_results */ ;
/*!50003 SET collation_connection  = @saved_col_connection */ ;
/*!50003 DROP PROCEDURE IF EXISTS `router_update` */;
/*!50003 SET @saved_cs_client      = @@character_set_client */ ;
/*!50003 SET @saved_cs_results     = @@character_set_results */ ;
/*!50003 SET @saved_col_connection = @@collation_connection */ ;
/*!50003 SET character_set_client  = utf8 */ ;
/*!50003 SET character_set_results = utf8 */ ;
/*!50003 SET collation_connection  = utf8_general_ci */ ;
/*!50003 SET @saved_sql_mode       = @@sql_mode */ ;
/*!50003 SET sql_mode              = 'NO_AUTO_VALUE_ON_ZERO' */ ;
DELIMITER ;;
CREATE DEFINER=`mc`@`%` PROCEDURE `router_update`(IN inRouterId INT, IN inRouterPid INT, IN inAfterId INT, IN inRouterPath VARCHAR(255), IN inRouterName VARCHAR(100), IN inRouterDesc TEXT, OUT res INT)
BEGIN
	DECLARE rPid, rId, rLk, rRk, bIntoSelf INT DEFAULT 0;
	
	DECLARE EXIT HANDLER FOR SQLWARNING ROLLBACK;
	SET res=0;
	
	
	SELECT 
	r_lk, r_rk INTO rLk, rRk
	FROM `routers`
	WHERE r_id = inRouterId;
	
	
	SELECT EXISTS (
		SELECT 1 
		FROM `routers`
		WHERE inRouterPid IN
		(SELECT r_id 
		FROM `routers`
		WHERE r_lk >= rLk
		AND r_rk <= rRk)
	) INTO bIntoSelf;
	
	START TRANSACTION;
	
	UPDATE `routers`
	SET
	r_path	= inRouterPath,
	r_name	= inRouterName,
	r_desc	= inRouterDesc
	WHERE r_id = inRouterId;
	
	
	if bIntoSelf=1 THEN
		SET res = 1;
		Commit;
	ELSE
		CALL router_move(inRouterId, inRouterPid, res);
		
		IF res=1 THEN
			CALL router_after(inRouterId, inAfterId, res);
		END IF;	
		
		IF res=0 THEN
			ROLLBACK;
		ELSE
			COMMIT;
		END IF;
	END IF;
END ;;
DELIMITER ;
/*!50003 SET sql_mode              = @saved_sql_mode */ ;
/*!50003 SET character_set_client  = @saved_cs_client */ ;
/*!50003 SET character_set_results = @saved_cs_results */ ;
/*!50003 SET collation_connection  = @saved_col_connection */ ;
/*!40103 SET TIME_ZONE=@OLD_TIME_ZONE */;

/*!40101 SET SQL_MODE=@OLD_SQL_MODE */;
/*!40014 SET FOREIGN_KEY_CHECKS=@OLD_FOREIGN_KEY_CHECKS */;
/*!40014 SET UNIQUE_CHECKS=@OLD_UNIQUE_CHECKS */;
/*!40101 SET CHARACTER_SET_CLIENT=@OLD_CHARACTER_SET_CLIENT */;
/*!40101 SET CHARACTER_SET_RESULTS=@OLD_CHARACTER_SET_RESULTS */;
/*!40101 SET COLLATION_CONNECTION=@OLD_COLLATION_CONNECTION */;
/*!40111 SET SQL_NOTES=@OLD_SQL_NOTES */;

-- Dump completed on 2016-08-29 21:01:12
